page,hotel_variation_angle
/jeddah/king-abdulaziz-airport-to-waldorf-astoria-jeddah,location
/jeddah/waldorf-astoria-jeddah-to-king-abdulaziz-airport,location
/jeddah/king-abdulaziz-airport-to-ritz-carlton-jeddah,location
/jeddah/ritz-carlton-jeddah-to-king-abdulaziz-airport,location
/jeddah/king-abdulaziz-airport-to-rosewood-jeddah,luxury
/jeddah/rosewood-jeddah-to-king-abdulaziz-airport,luxury
/jeddah/king-abdulaziz-airport-to-park-hyatt-jeddah,location
/jeddah/park-hyatt-jeddah-to-king-abdulaziz-airport,location
/jeddah/king-abdulaziz-airport-to-shangri-la-jeddah,luxury
/jeddah/shangri-la-jeddah-to-king-abdulaziz-airport,luxury
/jeddah/king-abdulaziz-airport-to-intercontinental-jeddah,location
/jeddah/intercontinental-jeddah-to-king-abdulaziz-airport,location
/jeddah/king-abdulaziz-airport-to-assila-luxury-collection-jeddah,luxury
/jeddah/assila-luxury-collection-jeddah-to-king-abdulaziz-airport,luxury
/jeddah/king-abdulaziz-airport-to-jeddah-hilton,luxury
/jeddah/jeddah-hilton-to-king-abdulaziz-airport,luxury
/jeddah/king-abdulaziz-airport-to-jeddah-marriott-hotel,location
/jeddah/jeddah-marriott-hotel-to-king-abdulaziz-airport,location
/jeddah/king-abdulaziz-airport-to-swissotel-jeddah-al-hamra,location
/jeddah/swissotel-jeddah-al-hamra-to-king-abdulaziz-airport,location
/jeddah/king-abdulaziz-airport-to-crowne-plaza-jeddah,location
/jeddah/crowne-plaza-jeddah-to-king-abdulaziz-airport,location
/jeddah/king-abdulaziz-airport-to-four-points-sheraton-jeddah-corniche,family
/jeddah/four-points-sheraton-jeddah-corniche-to-king-abdulaziz-airport,family
/jeddah/king-abdulaziz-airport-to-mercure-jeddah-al-hamra,family
/jeddah/mercure-jeddah-al-hamra-to-king-abdulaziz-airport,family
/jeddah/king-abdulaziz-airport-to-best-western-plus-jeddah-madinah-road,family
/jeddah/best-western-plus-jeddah-madinah-road-to-king-abdulaziz-airport,family
/jeddah/king-abdulaziz-airport-to-radisson-blu-jeddah,family
/jeddah/radisson-blu-jeddah-to-king-abdulaziz-airport,family
/jeddah/king-abdulaziz-airport-to-holiday-inn-jeddah-gateway,airport
/jeddah/holiday-inn-jeddah-gateway-to-king-abdulaziz-airport,airport
/jeddah/king-abdulaziz-airport-to-elaf-jeddah,family
/jeddah/elaf-jeddah-to-king-abdulaziz-airport,family
/jeddah/king-abdulaziz-airport-to-ibis-jeddah-city-center,family
/jeddah/ibis-jeddah-city-center-to-king-abdulaziz-airport,family
/jeddah/king-abdulaziz-airport-to-ibis-jeddah-malik-road,family
/jeddah/ibis-jeddah-malik-road-to-king-abdulaziz-airport,family
/jeddah/king-abdulaziz-airport-to-red-sea-palace-jeddah,family
/jeddah/red-sea-palace-jeddah-to-king-abdulaziz-airport,family
/riyadh/king-khalid-airport-to-four-seasons-hotel-riyadh,location
/riyadh/four-seasons-hotel-riyadh-to-king-khalid-airport,location
/riyadh/king-khalid-airport-to-the-ritz-carlton-riyadh,luxury
/riyadh/the-ritz-carlton-riyadh-to-king-khalid-airport,luxury
/riyadh/king-khalid-airport-to-mandarin-oriental-al-faisaliah-riyadh,location
/riyadh/mandarin-oriental-al-faisaliah-riyadh-to-king-khalid-airport,location
/riyadh/king-khalid-airport-to-burj-rafal-kempinski-riyadh,location
/riyadh/burj-rafal-kempinski-riyadh-to-king-khalid-airport,location
/riyadh/king-khalid-airport-to-hyatt-regency-riyadh-olaya,luxury
/riyadh/hyatt-regency-riyadh-olaya-to-king-khalid-airport,luxury
/riyadh/king-khalid-airport-to-the-st-regis-riyadh,location
/riyadh/the-st-regis-riyadh-to-king-khalid-airport,location
/riyadh/king-khalid-airport-to-fairmont-riyadh,location
/riyadh/fairmont-riyadh-to-king-khalid-airport,location
/riyadh/king-khalid-airport-to-intercontinental-riyadh,luxury
/riyadh/intercontinental-riyadh-to-king-khalid-airport,luxury
/riyadh/king-khalid-airport-to-movenpick-hotel-riyadh,luxury
/riyadh/movenpick-hotel-riyadh-to-king-khalid-airport,luxury
/riyadh/king-khalid-airport-to-narcissus-hotel-spa-riyadh,luxury
/riyadh/narcissus-hotel-spa-riyadh-to-king-khalid-airport,luxury
/riyadh/king-khalid-airport-to-voco-riyadh,luxury
/riyadh/voco-riyadh-to-king-khalid-airport,luxury
/riyadh/king-khalid-airport-to-hilton-riyadh-hotel-residences,luxury
/riyadh/hilton-riyadh-hotel-residences-to-king-khalid-airport,luxury
/riyadh/king-khalid-airport-to-riyadh-marriott-hotel,family
/riyadh/riyadh-marriott-hotel-to-king-khalid-airport,family
/riyadh/king-khalid-airport-to-courtyard-by-marriott-riyadh-olaya,family
/riyadh/courtyard-by-marriott-riyadh-olaya-to-king-khalid-airport,family
/riyadh/king-khalid-airport-to-crowne-plaza-riyadh-rdc,family
/riyadh/crowne-plaza-riyadh-rdc-to-king-khalid-airport,family
/riyadh/king-khalid-airport-to-radisson-blu-riyadh,family
/riyadh/radisson-blu-riyadh-to-king-khalid-airport,family
/riyadh/king-khalid-airport-to-holiday-inn-riyadh-izdihar,family
/riyadh/holiday-inn-riyadh-izdihar-to-king-khalid-airport,family
/riyadh/king-khalid-airport-to-novotel-riyadh-sahafah,family
/riyadh/novotel-riyadh-sahafah-to-king-khalid-airport,family
/riyadh/king-khalid-airport-to-grand-millennium-al-wahda-riyadh,family
/riyadh/grand-millennium-al-wahda-riyadh-to-king-khalid-airport,family
/riyadh/king-khalid-airport-to-centro-olaya-riyadh,family
/riyadh/centro-olaya-riyadh-to-king-khalid-airport,family
/riyadh/king-khalid-airport-to-ibis-riyadh-olaya-street,family
/riyadh/ibis-riyadh-olaya-street-to-king-khalid-airport,family
/riyadh/king-khalid-airport-to-premier-inn-riyadh-olaya,family
/riyadh/premier-inn-riyadh-olaya-to-king-khalid-airport,family
/makkah/king-abdulaziz-airport-to-fairmont-makkah-clock-royal-tower,pilgrim
/makkah/fairmont-makkah-clock-royal-tower-to-king-abdulaziz-airport,pilgrim
/makkah/king-abdulaziz-airport-to-swissotel-makkah,pilgrim
/makkah/swissotel-makkah-to-king-abdulaziz-airport,pilgrim
/makkah/king-abdulaziz-airport-to-swissotel-al-maqam-makkah,pilgrim
/makkah/swissotel-al-maqam-makkah-to-king-abdulaziz-airport,pilgrim
/makkah/king-abdulaziz-airport-to-hilton-suites-makkah,pilgrim
/makkah/hilton-suites-makkah-to-king-abdulaziz-airport,pilgrim
/makkah/king-abdulaziz-airport-to-pullman-zamzam-makkah,pilgrim
/makkah/pullman-zamzam-makkah-to-king-abdulaziz-airport,pilgrim
/makkah/king-abdulaziz-airport-to-makkah-hotel,pilgrim
/makkah/makkah-hotel-to-king-abdulaziz-airport,pilgrim
/makkah/king-abdulaziz-airport-to-conrad-makkah,pilgrim
/makkah/conrad-makkah-to-king-abdulaziz-airport,pilgrim
/makkah/king-abdulaziz-airport-to-address-jabal-omar-makkah,pilgrim
/makkah/address-jabal-omar-makkah-to-king-abdulaziz-airport,pilgrim
/makkah/king-abdulaziz-airport-to-jabal-omar-marriott-makkah,pilgrim
/makkah/jabal-omar-marriott-makkah-to-king-abdulaziz-airport,pilgrim
/makkah/king-abdulaziz-airport-to-doubletree-by-hilton-makkah,pilgrim
/makkah/doubletree-by-hilton-makkah-to-king-abdulaziz-airport,pilgrim
/makkah/king-abdulaziz-airport-to-raffles-makkah-palace,pilgrim
/makkah/raffles-makkah-palace-to-king-abdulaziz-airport,pilgrim
/makkah/king-abdulaziz-airport-to-anjum-hotel-makkah,pilgrim
/makkah/anjum-hotel-makkah-to-king-abdulaziz-airport,pilgrim
/makkah/king-abdulaziz-airport-to-hilton-makkah-convention-hotel,pilgrim
/makkah/hilton-makkah-convention-hotel-to-king-abdulaziz-airport,pilgrim
/makkah/king-abdulaziz-airport-to-movenpick-hajar-tower-makkah,pilgrim
/makkah/movenpick-hajar-tower-makkah-to-king-abdulaziz-airport,pilgrim
/makkah/king-abdulaziz-airport-to-intercontinental-dar-al-tawhid-makkah,pilgrim
/makkah/intercontinental-dar-al-tawhid-makkah-to-king-abdulaziz-airport,pilgrim
/makkah/king-abdulaziz-airport-to-le-meridien-towers-makkah,pilgrim
/makkah/le-meridien-towers-makkah-to-king-abdulaziz-airport,pilgrim
/makkah/king-abdulaziz-airport-to-elaf-ajyad-makkah,pilgrim
/makkah/elaf-ajyad-makkah-to-king-abdulaziz-airport,pilgrim
/makkah/king-abdulaziz-airport-to-elaf-kinda-makkah,pilgrim
/makkah/elaf-kinda-makkah-to-king-abdulaziz-airport,pilgrim
/makkah/king-abdulaziz-airport-to-voco-makkah,pilgrim
/makkah/voco-makkah-to-king-abdulaziz-airport,pilgrim
/makkah/king-abdulaziz-airport-to-rove-makkah,pilgrim
/makkah/rove-makkah-to-king-abdulaziz-airport,pilgrim
/madinah/prince-mohammad-bin-abdulaziz-airport-to-anwar-al-madinah-movenpick,pilgrim
/madinah/anwar-al-madinah-movenpick-to-prince-mohammad-bin-abdulaziz-airport,pilgrim
/madinah/prince-mohammad-bin-abdulaziz-airport-to-pullman-zamzam-madinah,pilgrim
/madinah/pullman-zamzam-madinah-to-prince-mohammad-bin-abdulaziz-airport,pilgrim
/madinah/prince-mohammad-bin-abdulaziz-airport-to-dar-al-taqwa-madinah,pilgrim
/madinah/dar-al-taqwa-madinah-to-prince-mohammad-bin-abdulaziz-airport,pilgrim
/madinah/prince-mohammad-bin-abdulaziz-airport-to-intercontinental-dar-al-iman-madinah,pilgrim
/madinah/intercontinental-dar-al-iman-madinah-to-prince-mohammad-bin-abdulaziz-airport,pilgrim
/madinah/prince-mohammad-bin-abdulaziz-airport-to-madinah-hilton,pilgrim
/madinah/madinah-hilton-to-prince-mohammad-bin-abdulaziz-airport,pilgrim
/madinah/prince-mohammad-bin-abdulaziz-airport-to-frontel-al-harithia-madinah,pilgrim
/madinah/frontel-al-harithia-madinah-to-prince-mohammad-bin-abdulaziz-airport,pilgrim
/madinah/prince-mohammad-bin-abdulaziz-airport-to-elaf-taiba-madinah,pilgrim
/madinah/elaf-taiba-madinah-to-prince-mohammad-bin-abdulaziz-airport,pilgrim
/madinah/prince-mohammad-bin-abdulaziz-airport-to-shaza-madinah,pilgrim
/madinah/shaza-madinah-to-prince-mohammad-bin-abdulaziz-airport,pilgrim
/madinah/prince-mohammad-bin-abdulaziz-airport-to-crowne-plaza-madinah,pilgrim
/madinah/crowne-plaza-madinah-to-prince-mohammad-bin-abdulaziz-airport,pilgrim
/madinah/prince-mohammad-bin-abdulaziz-airport-to-dallah-taibah-madinah,pilgrim
/madinah/dallah-taibah-madinah-to-prince-mohammad-bin-abdulaziz-airport,pilgrim
/dammam/king-fahd-airport-to-sheraton-dammam-hotel-convention-centre,luxury
/dammam/sheraton-dammam-hotel-convention-centre-to-king-fahd-airport,luxury
/dammam/king-fahd-airport-to-braira-dammam-hotel,family
/dammam/braira-dammam-hotel-to-king-fahd-airport,family
/dammam/king-fahd-airport-to-park-inn-by-radisson-dammam,family
/dammam/park-inn-by-radisson-dammam-to-king-fahd-airport,family
/dammam/king-fahd-airport-to-wyndham-garden-dammam,family
/dammam/wyndham-garden-dammam-to-king-fahd-airport,family
/dammam/king-fahd-airport-to-novotel-dammam-business-park,family
/dammam/novotel-dammam-business-park-to-king-fahd-airport,family
/dammam/king-fahd-airport-to-golden-tulip-dammam-corniche,family
/dammam/golden-tulip-dammam-corniche-to-king-fahd-airport,family
/dammam/king-fahd-airport-to-boudl-al-shatea,family
/dammam/boudl-al-shatea-to-king-fahd-airport,family
/dammam/king-fahd-airport-to-dana-rayhaan-by-rotana,luxury
/dammam/dana-rayhaan-by-rotana-to-king-fahd-airport,luxury
/dammam/king-fahd-airport-to-swiss-spirit-hotel-suites-dammam,family
/dammam/swiss-spirit-hotel-suites-dammam-to-king-fahd-airport,family
/dammam/king-fahd-airport-to-howard-johnson-by-wyndham-dammam,family
/dammam/howard-johnson-by-wyndham-dammam-to-king-fahd-airport,family
/dammam/king-fahd-airport-to-ramada-by-wyndham-dammam-khaleej-road,family
/dammam/ramada-by-wyndham-dammam-khaleej-road-to-king-fahd-airport,family
/dammam/king-fahd-airport-to-residence-inn-by-marriott-dammam,family
/dammam/residence-inn-by-marriott-dammam-to-king-fahd-airport,family
/dammam/king-fahd-airport-to-carlton-al-moaibed-hotel,family
/dammam/carlton-al-moaibed-hotel-to-king-fahd-airport,family
/dammam/king-fahd-airport-to-lavona-hotel-dammam,family
/dammam/lavona-hotel-dammam-to-king-fahd-airport,family
/dammam/king-fahd-airport-to-maskan-al-dyafah-hotel-apartments,family
/dammam/maskan-al-dyafah-hotel-apartments-to-king-fahd-airport,family