page,word_count,unique_word_count,boilerplate_ratio
/blog/hajj-transport-guide-makkah-mina-arafat,2502,8,0.0731
/blog/travel-documents-bahrain-to-saudi-arabia,1920,20,0.1036
/blog/bahrain-to-saudi-arabia-by-road,1833,4,0.1086
/blog/best-vehicle-for-cross-border-travel,1791,8,0.1145
/blog/business-travel-bahrain-dammam-guide,2020,10,0.0995
/blog/gcc-residents-road-travel-to-saudi-arabia,1949,12,0.1042
/blog/diriyah-taxi-transfer-guide,2439,11,0.0816
/blog/family-travel-bahrain-to-saudi-arabia,2055,6,0.0978
/blog/riyadh-season-transport-guide,2672,18,0.0730
/blog/child-car-seat-law-saudi-arabia,2459,31,0.0809
/blog/riyadh-to-alula-road-trip-guide,2467,16,0.0823
/blog/madinah-to-yanbu-transfer-guide,1879,9,0.1006
/blog/ai-travel-planning-vs-local-experts-saudi-arabia,2691,53,0.0747
/blog/friday-prayer-travel-tips-saudi-arabia,2803,27,0.0717
/blog/saudi-arabia-travel-scams-tourists-should-know,2681,53,0.0750
/blog/hotel-near-haram-what-to-know-before-booking,2817,41,0.0714
/blog/saudi-arabia-airport-wifi-guide,3053,22,0.0658
/blog/best-cashless-payment-apps-saudi-arabia,2945,30,0.0683
/blog/what-happens-if-flight-to-saudi-arabia-delayed,3446,56,0.0583
/blog/saudi-arabia-with-elderly-parents-travel-tips,3150,27,0.0638
/blog/is-saudi-arabia-safe-for-solo-tourists-2026,3499,74,0.0574
/blog/saudi-arabia-in-august-weather-crowds-travel-tips,4042,90,0.0497
/blog/saudi-airport-transfer-tips,3499,38,0.0580
/blog/saudi-arabia-digital-nomad-guide,3575,55,0.0568
/blog/king-fahd-causeway-guide,3432,43,0.0591
/blog/dammam-travel-guide,3474,46,0.0584
/blog/saudi-airport-pickup-guide,3431,27,0.0592
/blog/saudi-arabia-business-travel-guide-2027,3499,38,0.0580
/blog/dammam-to-bahrain-travel-guide,3481,8,0.0577
/blog/king-fahd-international-airport-complete-guide,3771,32,0.0538
/blog/best-hotels-near-dammam-airport,3377,42,0.0595
/blog/saudi-arabia-entry-requirements-2027,4422,42,0.0450
/blog/how-to-exchange-currency-in-saudi-arabia,2240,26,0.0897
/blog/what-to-wear-in-saudi-arabia-tourist,2073,38,0.0960
/blog/how-much-cash-to-carry-in-saudi-arabia,2417,23,0.0823
/blog/saudi-arabia-travel-checklist-before-flight,2220,17,0.0896
/blog/common-mistakes-tourists-make-in-saudi-arabia,2418,30,0.0823
/blog/saudi-arabia-sim-card-guide-tourists,2677,31,0.0743
/blog/uber-vs-careem-vs-private-transfer-saudi-arabia,2175,14,0.0915
/blog/what-to-do-after-landing-at-jeddah-airport,2154,8,0.0850
/blog/documents-needed-to-travel-to-saudi-arabia,2228,22,0.0893
/blog/jeddah-airport-terminal-guide-jed,2715,16,0.0674
/blog/riyadh-air-what-travelers-should-know,2965,41,0.0658
/blog/jeddah-to-alula-transport-options,2880,4,0.0719
/blog/best-day-trips-from-riyadh-private-driver,2925,63,0.0667
/blog/neom-travel-guide-2026,2636,36,0.0755
/blog/red-sea-project-travel-guide,3468,86,0.0580
/blog/saudi-tourist-visa-2026-guide,2759,16,0.0721
/blog/can-tourists-drive-in-saudi-arabia,2072,17,0.0970
/blog/jeddah-season-2026-events-attractions-guide,3394,34,0.0592
/blog/saudi-school-public-holidays-2027,2313,16,0.0860
/blog/best-places-to-visit-taif-summer,3575,97,0.0557
/blog/saudi-national-day-2026-best-cities,2280,19,0.0873
/blog/fifa-world-cup-2034-saudi-arabia-travel-planning,2309,22,0.0862
/blog/riyadh-expo-2030-preparations,2421,24,0.0814
/blog/saudi-arabia-tourism-projects-2027,2501,15,0.0796
/blog/hajj-2027-registration-permit-updates,2411,20,0.0809
/blog/nusuk-app-umrah-guide,2623,16,0.0827
/blog/cost-of-umrah-trip-2026,2674,25,0.0812
/blog/private-chauffeur-vs-ride-hailing-saudi-arabia,2641,13,0.0776
/blog/solo-female-pilgrim-travel-saudi-arabia,2672,16,0.0805
/blog/ramadan-2026-makkah-transport-guide,2627,21,0.0818
/blog/riyadh-metro-vs-taxi,2813,26,0.0707
/blog/alula-travel-guide-2026,2692,44,0.0754
/blog/king-salman-airport-transfers-guide,2721,9,0.0746
/blog/transportation-mistakes-pilgrims,2799,21,0.0768
/blog/miqat-locations-for-umrah,2765,24,0.0785
/blog/new-saudi-umrah-visa-rules-2026,2639,18,0.0822
/blog/vip-transfer-jeddah-airport-to-makkah,2626,24,0.0765
/blog/makkah-madinah-train-vs-taxi,2811,11,0.0708
/blog/umrah-with-children,2804,41,0.0774
/blog/how-to-travel-between-makkah-madinah-jeddah,2304,4,0.0855
/blog/umrah-for-elderly-pilgrims,2886,30,0.0752
/blog/complete-guide-to-masjid-al-haram,2348,15,0.0899
/blog/common-questions-first-time-umrah-pilgrims,2368,8,0.0899
/blog/jeddah-airport-arrival-guide-umrah,2300,8,0.0926
/blog/saudi-arabia-entry-requirements-pilgrims-2026,2257,7,0.0935
/blog/essential-duas-for-umrah-and-hajj,2264,64,0.0941
/blog/difference-between-hajj-and-umrah,2326,15,0.0916
/blog/first-time-visiting-makkah-guide,2316,12,0.0911
/blog/first-time-visiting-madinah-guide,2325,24,0.0839
/blog/best-time-to-perform-umrah-2026,2275,16,0.0936
/blog/madinah-ziyarat-historic-sites-guide,2565,34,0.0604
/blog/what-to-pack-for-umrah-checklist,2541,61,0.0681
/blog/main-rituals-of-hajj-explained,2499,59,0.0620
/blog/common-mistakes-to-avoid-during-umrah,2474,37,0.0699
/blog/umrah-transport-makkah-madinah-guide,1210,0,0.1430
/blog/riyadh-to-dammam-taxi-guide,1110,0,0.1523
/blog/how-to-perform-umrah-step-by-step-guide,2508,24,0.0690
/blog/saudi-to-bahrain-taxi-king-fahd-causeway,1208,3,0.1382
/blog/saudi-arabia-intercity-taxi-services-guide,1272,2,0.1344
/blog/makkah-to-madinah-private-taxi-guide,1323,2,0.1187
/blog/riyadh-airport-transfer-business-travelers,1255,2,0.1331
/blog/jeddah-to-taif-taxi-guide,1162,1,0.1472
/blog/top-tourist-destinations-private-taxi-saudi-arabia,1396,6,0.1225
/blog/taxi-cost-saudi-arabia-price-guide,1339,3,0.1277
/blog/jeddah-airport-to-makkah-taxi-service-guide,1509,6,0.1040