Top pages,Clicks,Impressions,CTR,Position
https://saudiprivatetransfers.com/taxi-service/najran,7,108,6.48%,8.33
https://saudiprivatetransfers.com/,3,187,1.6%,57.08
https://saudiprivatetransfers.com/blog/saudi-arabia-airport-wifi-guide,3,172,1.74%,12.49
https://saudiprivatetransfers.com/airport-transfer/hail-airport,3,48,6.25%,9.81
https://saudiprivatetransfers.com/blog/first-time-visiting-madinah-guide,3,36,8.33%,11.03
https://saudiprivatetransfers.com/blog/what-to-do-after-landing-at-jeddah-airport,2,142,1.41%,14.68
https://saudiprivatetransfers.com/taxi-service/jazan,2,48,4.17%,10.02
https://saudiprivatetransfers.com/routes/al-khobar-to-doha,2,36,5.56%,14.83
https://saudiprivatetransfers.com/taxi-service/khamis-mushait,2,34,5.88%,20.74
https://saudiprivatetransfers.com/airport-transfer/yanbu-airport,2,21,9.52%,21.71
https://saudiprivatetransfers.com/blog/riyadh-to-alula-road-trip-guide,2,18,11.11%,14.94
https://saudiprivatetransfers.com/routes/tabuk-to-riyadh,2,11,18.18%,9.55
https://saudiprivatetransfers.com/ar/نقل-من-الرياض-الى-الهفوف,2,9,22.22%,22
https://saudiprivatetransfers.com/blog/uber-vs-careem-vs-private-transfer-saudi-arabia,1,158,0.63%,10.76
https://saudiprivatetransfers.com/blog/complete-guide-to-masjid-al-haram,1,107,0.93%,11.72
https://saudiprivatetransfers.com/airport-transfers,1,101,0.99%,69.1
https://saudiprivatetransfers.com/blog/how-much-cash-to-carry-in-saudi-arabia,1,87,1.15%,9.57
https://saudiprivatetransfers.com/routes/dammam-airport-to-khobar,1,73,1.37%,49.26
https://saudiprivatetransfers.com/blog/umrah-with-children,1,71,1.41%,9.3
https://saudiprivatetransfers.com/routes/dammam-to-riyadh,1,71,1.41%,44.08
https://saudiprivatetransfers.com/jeddah/jeddah-airport-to-jeddah-corniche,1,58,1.72%,8.84
https://saudiprivatetransfers.com/routes/bahrain-airport-to-dammam,1,57,1.75%,56.19
https://saudiprivatetransfers.com/services,1,53,1.89%,59.83
https://saudiprivatetransfers.com/routes/doha-to-al-khobar,1,46,2.17%,10.33
https://saudiprivatetransfers.com/blog,1,44,2.27%,36.91
https://saudiprivatetransfers.com/blog/jeddah-airport-terminal-guide-jed,1,40,2.5%,31.2
https://saudiprivatetransfers.com/get-quote,1,36,2.78%,55.11
https://saudiprivatetransfers.com/routes/riyadh-to-qatar-border,1,35,2.86%,18.23
https://saudiprivatetransfers.com/blog/umrah-for-elderly-pilgrims,1,30,3.33%,15.03
https://saudiprivatetransfers.com/taxi-service/alula,1,27,3.7%,42.67
https://saudiprivatetransfers.com/routes/doha-to-riyadh,1,26,3.85%,19.81
https://saudiprivatetransfers.com/routes/makkah-to-madinah,1,26,3.85%,84.08
https://saudiprivatetransfers.com/taxi-service/al-ahsa,1,24,4.17%,16.71
https://saudiprivatetransfers.com/taxi-service/hail,1,20,5%,9.3
https://saudiprivatetransfers.com/routes/dammam-airport-to-doha,1,20,5%,40.15
https://saudiprivatetransfers.com/routes/riyadh-to-qassim,1,17,5.88%,11.65
https://saudiprivatetransfers.com/ar/نقل-من-القصيم-الى-الرياض,1,17,5.88%,17.82
https://saudiprivatetransfers.com/madinah/prince-mohammad-bin-abdulaziz-airport-to-pullman-zamzam-madinah,1,16,6.25%,22
https://saudiprivatetransfers.com/routes/yanbu-to-riyadh,1,12,8.33%,8.83
https://saudiprivatetransfers.com/routes/tabuk-to-amman,1,11,9.09%,8.09
https://saudiprivatetransfers.com/routes/riyadh-to-hail,1,11,9.09%,18.27
https://saudiprivatetransfers.com/routes/riyadh-to-abha,1,11,9.09%,24.09
https://saudiprivatetransfers.com/ar/نقل-من-الرياض-الى-الجبيل,1,10,10%,36.1
https://saudiprivatetransfers.com/airport-transfer/tabuk-airport,1,7,14.29%,35.29
https://saudiprivatetransfers.com/ar/نقل-من-الرياض-الى-القصيم,1,6,16.67%,7
https://saudiprivatetransfers.com/makkah/fairmont-makkah-clock-royal-tower-to-king-abdulaziz-airport,1,6,16.67%,10
https://saudiprivatetransfers.com/routes/abu-dhabi-to-riyadh,1,5,20%,6.6
https://saudiprivatetransfers.com/routes/riyadh-to-jeddah,1,5,20%,27.6
https://saudiprivatetransfers.com/jeddah/hotels-to-jeddah-sulaymaniyah-railway-station,1,5,20%,48.8
https://saudiprivatetransfers.com/routes/makkah-to-dammam,1,4,25%,5.75
https://saudiprivatetransfers.com/madinah/madinah-to-mount-uhud,1,4,25%,8
https://saudiprivatetransfers.com/routes/dubai-to-riyadh,1,4,25%,31.75
https://saudiprivatetransfers.com/blog/vip-transfer-jeddah-airport-to-makkah,1,3,33.33%,6.33
https://saudiprivatetransfers.com/border-transfers/uae-border,1,3,33.33%,6.67
https://saudiprivatetransfers.com/madinah/frontel-al-harithia-madinah-to-prince-mohammad-bin-abdulaziz-airport,1,1,100%,205
https://saudiprivatetransfers.com/blog/miqat-locations-for-umrah,0,292,0%,18.81
https://saudiprivatetransfers.com/airport-transfer/madinah-airport,0,170,0%,59.82
https://saudiprivatetransfers.com/taxi-service/dammam,0,159,0%,64.93
https://saudiprivatetransfers.com/blog/saudi-arabia-in-august-weather-crowds-travel-tips,0,148,0%,12.91
https://saudiprivatetransfers.com/ziyarat-taxi-service,0,141,0%,82.45
https://saudiprivatetransfers.com/blog/jeddah-airport-arrival-guide-umrah,0,139,0%,14.81
https://saudiprivatetransfers.com/airport-transfer/taif-airport,0,122,0%,77.7
https://saudiprivatetransfers.com/routes/khobar-to-bahrain,0,120,0%,55.52
https://saudiprivatetransfers.com/blog/saudi-arabia-sim-card-guide-tourists,0,114,0%,63.96
https://saudiprivatetransfers.com/airport-transfer/riyadh-airport,0,113,0%,55.77
https://saudiprivatetransfers.com/blog/saudi-arabia-entry-requirements-pilgrims-2026,0,108,0%,7.85
https://saudiprivatetransfers.com/blog/dammam-to-bahrain-travel-guide,0,87,0%,27.31
https://saudiprivatetransfers.com/blog/how-to-exchange-currency-in-saudi-arabia,0,80,0%,12.26
https://saudiprivatetransfers.com/routes/jeddah-to-makkah,0,80,0%,74.39
https://saudiprivatetransfers.com/blog/new-saudi-umrah-visa-rules-2026,0,73,0%,16.16
https://saudiprivatetransfers.com/taxi-service/khobar,0,71,0%,44.24
https://saudiprivatetransfers.com/umrah-taxi-service,0,71,0%,83.15
https://saudiprivatetransfers.com/routes/dammam-airport-to-bahrain,0,69,0%,60.59
https://saudiprivatetransfers.com/routes/bahrain-to-khobar,0,66,0%,40.45
https://saudiprivatetransfers.com/taxi-service/riyadh,0,63,0%,70.76
https://saudiprivatetransfers.com/blog/king-fahd-international-airport-complete-guide,0,60,0%,13.83
https://saudiprivatetransfers.com/airport-transfer/jeddah-airport,0,59,0%,61.44
https://saudiprivatetransfers.com/border-transfers,0,58,0%,7.97
https://saudiprivatetransfers.com/airport-transfer/dammam-airport,0,55,0%,66.05
https://saudiprivatetransfers.com/taxi-service/buraidah,0,52,0%,9.25
https://saudiprivatetransfers.com/routes/jeddah-to-madinah,0,52,0%,88.42
https://saudiprivatetransfers.com/blog/madinah-to-yanbu-transfer-guide,0,50,0%,9.64
https://saudiprivatetransfers.com/blog/best-cashless-payment-apps-saudi-arabia,0,48,0%,13.42
https://saudiprivatetransfers.com/taxi-service/jubail,0,48,0%,27.83
https://saudiprivatetransfers.com/taxi-service/hofuf,0,47,0%,9.72
https://saudiprivatetransfers.com/routes/khobar-to-riyadh,0,47,0%,14.26
https://saudiprivatetransfers.com/taxi-service/jeddah,0,45,0%,77.27
https://saudiprivatetransfers.com/routes/manama-to-dammam,0,42,0%,59.9
https://saudiprivatetransfers.com/taxi-service/abha,0,41,0%,24.27
https://saudiprivatetransfers.com/blog/saudi-arabia-travel-checklist-before-flight,0,40,0%,23.73
https://saudiprivatetransfers.com/airport-transfer/abha-airport,0,39,0%,41.51
https://saudiprivatetransfers.com/blog/what-to-wear-in-saudi-arabia-tourist,0,38,0%,18.74
https://saudiprivatetransfers.com/intercity-transfers,0,37,0%,10.41
https://saudiprivatetransfers.com/blog/saudi-arabia-travel-scams-tourists-should-know,0,36,0%,13
https://saudiprivatetransfers.com/routes/dammam-to-kuwait-city,0,36,0%,36.08
https://saudiprivatetransfers.com/blog/how-to-perform-umrah-step-by-step-guide,0,36,0%,68.5
https://saudiprivatetransfers.com/airport-transfer/alula-airport,0,34,0%,40.62
https://saudiprivatetransfers.com/blog/bahrain-to-saudi-arabia-by-road,0,33,0%,6.91
https://saudiprivatetransfers.com/routes/saihat-to-dammam,0,32,0%,10.19
https://saudiprivatetransfers.com/routes/riyadh-to-jubail,0,32,0%,13.94
https://saudiprivatetransfers.com/services/hotel-transfers,0,32,0%,28.12
https://saudiprivatetransfers.com/blog/best-hotels-near-dammam-airport,0,32,0%,34.25
https://saudiprivatetransfers.com/routes/bahrain-to-riyadh,0,32,0%,40.84
https://saudiprivatetransfers.com/routes/jeddah-to-taif,0,32,0%,71.53
https://saudiprivatetransfers.com/blog/jeddah-season-2026-events-attractions-guide,0,31,0%,9.52
https://saudiprivatetransfers.com/blog/can-tourists-drive-in-saudi-arabia,0,31,0%,9.87
https://saudiprivatetransfers.com/blog/difference-between-hajj-and-umrah,0,31,0%,67.13
https://saudiprivatetransfers.com/jeddah/jeddah-airport-to-red-sea-mall,0,30,0%,12.93
https://saudiprivatetransfers.com/routes/riyadh-to-dammam,0,29,0%,54.14
https://saudiprivatetransfers.com/routes/amman-to-tabuk,0,28,0%,7.07
https://saudiprivatetransfers.com/blog/king-fahd-causeway-guide,0,27,0%,17.15
https://saudiprivatetransfers.com/jeddah/jeddah-airport-to-jeddah-islamic-port,0,26,0%,18.19
https://saudiprivatetransfers.com/routes/dammam-to-kuwait-airport,0,26,0%,42.54
https://saudiprivatetransfers.com/routes/hail-to-riyadh,0,25,0%,8.8
https://saudiprivatetransfers.com/ar/دليل-نقل-المدينة-المنورة-الى-ينبع,0,25,0%,11.12
https://saudiprivatetransfers.com/blog/makkah-madinah-train-vs-taxi,0,25,0%,11.52
https://saudiprivatetransfers.com/blog/best-places-to-visit-taif-summer,0,25,0%,26.8
https://saudiprivatetransfers.com/blog/jeddah-to-alula-transport-options,0,23,0%,35.48
https://saudiprivatetransfers.com/blog/main-rituals-of-hajj-explained,0,23,0%,36.57
https://saudiprivatetransfers.com/routes/riyadh-to-bahrain,0,23,0%,40.39
https://saudiprivatetransfers.com/routes/riyadh-to-neom,0,22,0%,11.05
https://saudiprivatetransfers.com/blog/riyadh-metro-vs-taxi,0,21,0%,15.71
https://saudiprivatetransfers.com/routes/doha-to-dammam-airport,0,20,0%,18.45
https://saudiprivatetransfers.com/city-transfers,0,19,0%,9.42
https://saudiprivatetransfers.com/taxi-service/tabuk,0,19,0%,18.74
https://saudiprivatetransfers.com/contact,0,19,0%,32.63
https://saudiprivatetransfers.com/routes/riyadh-to-hofuf,0,18,0%,15.33
https://saudiprivatetransfers.com/border-transfers/bahrain-causeway,0,18,0%,34.06
https://saudiprivatetransfers.com/taxi-service/madinah,0,18,0%,86
https://saudiprivatetransfers.com/airport-transfer/jazan-airport,0,17,0%,10.29
https://saudiprivatetransfers.com/routes/neom-to-riyadh,0,17,0%,12.06
https://saudiprivatetransfers.com/routes/riyadh-to-tabuk,0,17,0%,14.47
https://saudiprivatetransfers.com/routes/hofuf-to-riyadh,0,17,0%,16.76
https://saudiprivatetransfers.com/routes/qassim-to-riyadh,0,16,0%,9.56
https://saudiprivatetransfers.com/blog/hajj-2027-registration-permit-updates,0,16,0%,11.88
https://saudiprivatetransfers.com/routes/jubail-to-riyadh,0,16,0%,13.25
https://saudiprivatetransfers.com/routes/amman-to-alula,0,16,0%,43
https://saudiprivatetransfers.com/routes/kuwait-city-to-riyadh,0,16,0%,45.06
https://saudiprivatetransfers.com/routes/al-khafji-to-dammam,0,15,0%,8.6
https://saudiprivatetransfers.com/routes/dammam-to-ras-tanura,0,15,0%,10.87
https://saudiprivatetransfers.com/about,0,14,0%,5.29
https://saudiprivatetransfers.com/ar/نقل-من-الجبيل-الى-الرياض,0,14,0%,23.36
https://saudiprivatetransfers.com/blog/best-day-trips-from-riyadh-private-driver,0,14,0%,47.21
https://saudiprivatetransfers.com/routes/ras-tanura-to-dammam,0,13,0%,7.69
https://saudiprivatetransfers.com/routes/riyadh-to-yanbu,0,13,0%,8.85
https://saudiprivatetransfers.com/jeddah/jeddah-airport-to-al-balad,0,13,0%,9.23
https://saudiprivatetransfers.com/routes/riyadh-to-khobar,0,13,0%,12.31
https://saudiprivatetransfers.com/routes/riyadh-to-taif,0,13,0%,16.62
https://saudiprivatetransfers.com/routes/kuwait-airport-to-dammam,0,13,0%,40.54
https://saudiprivatetransfers.com/routes/jeddah-airport-to-madinah,0,13,0%,68.38
https://saudiprivatetransfers.com/jeddah/king-abdulaziz-airport-to-intercontinental-jeddah,0,12,0%,7.08
https://saudiprivatetransfers.com/jeddah/al-balad-to-jeddah-airport,0,12,0%,9.42
https://saudiprivatetransfers.com/madinah/pullman-zamzam-madinah-to-prince-mohammad-bin-abdulaziz-airport,0,12,0%,21.5
https://saudiprivatetransfers.com/routes/riyadh-to-doha,0,12,0%,27.17
https://saudiprivatetransfers.com/routes/khobar-to-dammam-airport,0,12,0%,36.08
https://saudiprivatetransfers.com/routes/kuwait-city-to-dammam,0,12,0%,40.08
https://saudiprivatetransfers.com/hajj-transport-service,0,12,0%,59.67
https://saudiprivatetransfers.com/routes/riyadh-to-al-batha-border,0,11,0%,7.64
https://saudiprivatetransfers.com/blog/taxi-cost-saudi-arabia-price-guide,0,11,0%,9
https://saudiprivatetransfers.com/routes/jubail-to-dammam,0,11,0%,10.55
https://saudiprivatetransfers.com/blog/how-to-travel-between-makkah-madinah-jeddah,0,11,0%,10.64
https://saudiprivatetransfers.com/blog/best-time-to-perform-umrah-2026,0,11,0%,11.45
https://saudiprivatetransfers.com/dammam/dammam-airport-to-hotels,0,11,0%,73.36
https://saudiprivatetransfers.com/blog/fifa-world-cup-2034-saudi-arabia-travel-planning,0,10,0%,5.6
https://saudiprivatetransfers.com/blog/what-happens-if-flight-to-saudi-arabia-delayed,0,10,0%,6.8
https://saudiprivatetransfers.com/routes/dammam-to-dubai,0,10,0%,8.4
https://saudiprivatetransfers.com/blog/documents-needed-to-travel-to-saudi-arabia,0,10,0%,9.9
https://saudiprivatetransfers.com/routes/riyadh-to-kuwait-city,0,10,0%,39.2
https://saudiprivatetransfers.com/blog/what-to-pack-for-umrah-checklist,0,9,0%,4.56
https://saudiprivatetransfers.com/routes/taif-to-riyadh,0,9,0%,5.67
https://saudiprivatetransfers.com/privacy-policy,0,9,0%,18.78
https://saudiprivatetransfers.com/ar/نقل-من-الهفوف-الى-الرياض,0,9,0%,23.56
https://saudiprivatetransfers.com/routes/abha-to-riyadh,0,9,0%,29.67
https://saudiprivatetransfers.com/blog/private-chauffeur-vs-ride-hailing-saudi-arabia,0,9,0%,50
https://saudiprivatetransfers.com/blog/riyadh-to-dammam-taxi-guide,0,8,0%,7.12
https://saudiprivatetransfers.com/makkah/jabal-omar-marriott-makkah-to-king-abdulaziz-airport,0,8,0%,8.25
https://saudiprivatetransfers.com/routes/dubai-to-dammam,0,8,0%,63
https://saudiprivatetransfers.com/jeddah/private-chauffeur-service-jeddah,0,8,0%,82.25
https://saudiprivatetransfers.com/border-transfers/qatar-border,0,7,0%,6
https://saudiprivatetransfers.com/riyadh/mandarin-oriental-al-faisaliah-riyadh-to-king-khalid-airport,0,7,0%,7.14
https://saudiprivatetransfers.com/jeddah/jeddah-marriott-hotel-to-king-abdulaziz-airport,0,7,0%,7.29
https://saudiprivatetransfers.com/routes/dammam-to-jubail,0,7,0%,9.14
https://saudiprivatetransfers.com/blog/common-mistakes-to-avoid-during-umrah,0,7,0%,10.86
https://saudiprivatetransfers.com/routes/dammam-airport-to-khafji-border,0,7,0%,12.43
https://saudiprivatetransfers.com/blog/friday-prayer-travel-tips-saudi-arabia,0,7,0%,15.71
https://saudiprivatetransfers.com/ar/نقل-من-ابها-الى-الرياض,0,7,0%,26.71
https://saudiprivatetransfers.com/jeddah/ritz-carlton-jeddah-to-king-abdulaziz-airport,0,7,0%,30.57
https://saudiprivatetransfers.com/routes/taif-to-jeddah,0,7,0%,49.14
https://saudiprivatetransfers.com/blog/saudi-to-bahrain-taxi-king-fahd-causeway,0,7,0%,58.43
https://saudiprivatetransfers.com/madinah/anwar-al-madinah-movenpick-to-prince-mohammad-bin-abdulaziz-airport,0,7,0%,66.29
https://saudiprivatetransfers.com/routes/madinah-to-jeddah-airport,0,7,0%,94
https://saudiprivatetransfers.com/routes/dammam-airport-to-abqaiq,0,6,0%,6.67
https://saudiprivatetransfers.com/blog/jeddah-to-taif-taxi-guide,0,6,0%,8.17
https://saudiprivatetransfers.com/routes/alula-to-amman,0,6,0%,8.17
https://saudiprivatetransfers.com/routes/dammam-airport-to-jubail,0,6,0%,8.83
https://saudiprivatetransfers.com/routes/jubail-to-dammam-airport,0,6,0%,9.5
https://saudiprivatetransfers.com/border-transfers/kuwait-border,0,6,0%,9.67
https://saudiprivatetransfers.com/routes/abqaiq-to-dammam,0,6,0%,12.33
https://saudiprivatetransfers.com/makkah/pullman-zamzam-makkah-to-king-abdulaziz-airport,0,6,0%,13.83
https://saudiprivatetransfers.com/jeddah/jeddah-airport-to-mall-of-arabia,0,6,0%,22.17
https://saudiprivatetransfers.com/makkah/king-abdulaziz-airport-to-voco-makkah,0,6,0%,29.5
https://saudiprivatetransfers.com/blog/saudi-airport-transfer-tips,0,6,0%,34.33
https://saudiprivatetransfers.com/madinah/prince-mohammad-bin-abdulaziz-airport-to-crowne-plaza-madinah,0,6,0%,43
https://saudiprivatetransfers.com/blog/riyadh-air-what-travelers-should-know,0,6,0%,65
https://saudiprivatetransfers.com/routes/madinah-to-jeddah,0,6,0%,86.67
https://saudiprivatetransfers.com/jeddah/king-abdulaziz-airport-to-ritz-carlton-jeddah,0,5,0%,4.8
https://saudiprivatetransfers.com/riyadh/king-khalid-airport-to-hilton-riyadh-hotel-residences,0,5,0%,5.2
https://saudiprivatetransfers.com/makkah/king-abdulaziz-airport-to-pullman-zamzam-makkah,0,5,0%,6
https://saudiprivatetransfers.com/riyadh/king-khalid-airport-to-riyadh-marriott-hotel,0,5,0%,6
https://saudiprivatetransfers.com/makkah/swissotel-al-maqam-makkah-to-king-abdulaziz-airport,0,5,0%,7.2
https://saudiprivatetransfers.com/riyadh/centro-olaya-riyadh-to-king-khalid-airport,0,5,0%,7.2
https://saudiprivatetransfers.com/routes/dammam-to-hofuf,0,5,0%,7.8
https://saudiprivatetransfers.com/routes/alula-to-tabuk,0,5,0%,8.2
https://saudiprivatetransfers.com/routes/makkah-to-alula,0,5,0%,10
https://saudiprivatetransfers.com/blog/common-questions-first-time-umrah-pilgrims,0,5,0%,13.2
https://saudiprivatetransfers.com/jeddah/shangri-la-jeddah-to-king-abdulaziz-airport,0,5,0%,19.4
https://saudiprivatetransfers.com/jeddah/jeddah-airport-to-jeddah-sulaymaniyah-railway-station,0,5,0%,27.4
https://saudiprivatetransfers.com/ar/نقل-من-ينبع-الى-الرياض,0,5,0%,31.2
https://saudiprivatetransfers.com/makkah/king-abdulaziz-airport-to-anjum-hotel-makkah,0,5,0%,33.6
https://saudiprivatetransfers.com/ar/نقل-الفنادق,0,5,0%,39.2
https://saudiprivatetransfers.com/jeddah/jeddah-sulaymaniyah-railway-station-to-hotels,0,5,0%,39.6
https://saudiprivatetransfers.com/taxi-service/taif,0,5,0%,58
https://saudiprivatetransfers.com/blog/jeddah-airport-to-makkah-taxi-service-guide,0,5,0%,81.8
https://saudiprivatetransfers.com/madinah/prince-mohammad-bin-abdulaziz-airport-to-anwar-al-madinah-movenpick,0,5,0%,87.6
https://saudiprivatetransfers.com/routes/hofuf-to-dammam,0,4,0%,4.5
https://saudiprivatetransfers.com/riyadh/king-khalid-airport-to-hyatt-regency-riyadh-olaya,0,4,0%,5.25
https://saudiprivatetransfers.com/riyadh/king-khalid-airport-to-holiday-inn-riyadh-izdihar,0,4,0%,6
https://saudiprivatetransfers.com/jeddah/best-western-plus-jeddah-madinah-road-to-king-abdulaziz-airport,0,4,0%,6.25
https://saudiprivatetransfers.com/ar/السعودية-في-أغسطس-الطقس-والازدحام-ونصائح-السفر,0,4,0%,6.75
https://saudiprivatetransfers.com/blog/transportation-mistakes-pilgrims,0,4,0%,7.25
https://saudiprivatetransfers.com/routes/al-batha-border-to-dammam,0,4,0%,7.5
https://saudiprivatetransfers.com/riyadh/riyadh-marriott-hotel-to-king-khalid-airport,0,4,0%,7.75
https://saudiprivatetransfers.com/routes/makkah-to-abha,0,4,0%,8
https://saudiprivatetransfers.com/blog/madinah-ziyarat-historic-sites-guide,0,4,0%,8.25
https://saudiprivatetransfers.com/routes/dammam-to-al-batha-border,0,4,0%,8.25
https://saudiprivatetransfers.com/makkah/voco-makkah-to-king-abdulaziz-airport,0,4,0%,8.5
https://saudiprivatetransfers.com/routes/alula-airport-to-tabuk,0,4,0%,10
https://saudiprivatetransfers.com/routes/makkah-to-yanbu,0,4,0%,12.25
https://saudiprivatetransfers.com/terms-and-conditions,0,4,0%,12.25
https://saudiprivatetransfers.com/blog/saudi-airport-pickup-guide,0,4,0%,14.5
https://saudiprivatetransfers.com/riyadh/ibis-riyadh-olaya-street-to-king-khalid-airport,0,4,0%,15.5
https://saudiprivatetransfers.com/routes/riyadh-to-abu-dhabi,0,4,0%,15.5
https://saudiprivatetransfers.com/jeddah/king-abdulaziz-airport-to-jeddah-hilton,0,4,0%,33.75
https://saudiprivatetransfers.com/ar/نقل-من-مكة-الى-عرفات,0,4,0%,38
https://saudiprivatetransfers.com/jeddah/jeddah-airport-to-king-fahd-fountain,0,4,0%,50.75
https://saudiprivatetransfers.com/cities/madinah,0,4,0%,51.25
https://saudiprivatetransfers.com/jeddah/jeddah-islamic-port-to-jeddah-airport,0,4,0%,51.75
https://saudiprivatetransfers.com/blog/makkah-to-madinah-private-taxi-guide,0,4,0%,54.5
https://saudiprivatetransfers.com/jeddah/jeddah-sulaymaniyah-railway-station-to-jeddah-airport,0,4,0%,58.75
https://saudiprivatetransfers.com/taxi-service/makkah,0,4,0%,64.75
https://saudiprivatetransfers.com/ar/نقل-من-مطار-جدة-الى-المدينة,0,4,0%,76.75
https://saudiprivatetransfers.com/routes/dammam-airport-to-ras-tanura,0,3,0%,3
https://saudiprivatetransfers.com/ar/نقل-من-المدينة-المنورة-الى-الرياض,0,3,0%,5.33
https://saudiprivatetransfers.com/blog/saudi-arabia-entry-requirements-2027,0,3,0%,5.33
https://saudiprivatetransfers.com/jeddah/king-abdulaziz-airport-to-swissotel-jeddah-al-hamra,0,3,0%,5.33
https://saudiprivatetransfers.com/riyadh/king-khalid-airport-to-ibis-riyadh-olaya-street,0,3,0%,5.33
https://saudiprivatetransfers.com/jeddah/king-abdulaziz-airport-to-four-points-sheraton-jeddah-corniche,0,3,0%,5.67
https://saudiprivatetransfers.com/routes/dammam-airport-to-qatif,0,3,0%,5.67
https://saudiprivatetransfers.com/madinah/prince-mohammad-bin-abdulaziz-airport-to-dallah-taibah-madinah,0,3,0%,6.33
https://saudiprivatetransfers.com/jeddah/king-abdulaziz-airport-to-ibis-jeddah-malik-road,0,3,0%,6.67
https://saudiprivatetransfers.com/riyadh/king-khalid-airport-to-crowne-plaza-riyadh-rdc,0,3,0%,6.67
https://saudiprivatetransfers.com/riyadh/king-khalid-airport-to-novotel-riyadh-sahafah,0,3,0%,6.67
https://saudiprivatetransfers.com/blog/red-sea-project-travel-guide,0,3,0%,7
https://saudiprivatetransfers.com/riyadh/king-khalid-airport-to-centro-olaya-riyadh,0,3,0%,7
https://saudiprivatetransfers.com/dammam/king-fahd-airport-to-sheraton-dammam-hotel-convention-centre,0,3,0%,7.33
https://saudiprivatetransfers.com/blog/neom-travel-guide-2026,0,3,0%,8
https://saudiprivatetransfers.com/blog/saudi-national-day-2026-best-cities,0,3,0%,8
https://saudiprivatetransfers.com/jeddah/four-points-sheraton-jeddah-corniche-to-king-abdulaziz-airport,0,3,0%,8
https://saudiprivatetransfers.com/jeddah/intercontinental-jeddah-to-king-abdulaziz-airport,0,3,0%,8.33
https://saudiprivatetransfers.com/routes/khafji-border-to-dammam-airport,0,3,0%,9
https://saudiprivatetransfers.com/ar/دليل-واي-فاي-مطارات-السعودية,0,3,0%,9.67
https://saudiprivatetransfers.com/jeddah/jeddah-hilton-to-king-abdulaziz-airport,0,3,0%,10.33
https://saudiprivatetransfers.com/makkah/king-abdulaziz-airport-to-swissotel-al-maqam-makkah,0,3,0%,11
https://saudiprivatetransfers.com/blog/king-salman-airport-transfers-guide,0,3,0%,18
https://saudiprivatetransfers.com/jeddah/king-abdulaziz-airport-to-best-western-plus-jeddah-madinah-road,0,3,0%,19.67
https://saudiprivatetransfers.com/blog/solo-female-pilgrim-travel-saudi-arabia,0,3,0%,20.33
https://saudiprivatetransfers.com/routes/khobar-to-dammam,0,3,0%,21.67
https://saudiprivatetransfers.com/jeddah/red-sea-palace-jeddah-to-king-abdulaziz-airport,0,3,0%,32
https://saudiprivatetransfers.com/ar/نقل-مطار-الرياض,0,3,0%,33.67
https://saudiprivatetransfers.com/ar/نقل-من-تبوك-الى-الرياض,0,3,0%,34.33
https://saudiprivatetransfers.com/ar/دليل-رحلة-الرياض-الى-العلا-بالسيارة,0,3,0%,34.67
https://saudiprivatetransfers.com/madinah/madinah-to-quba-mosque,0,3,0%,46.33
https://saudiprivatetransfers.com/routes/makkah-to-jeddah-airport,0,3,0%,61
https://saudiprivatetransfers.com/ar/نقل-من-مطار-المدينة-الى-فندق-إيلاف-طيبة,0,3,0%,61.67
https://saudiprivatetransfers.com/jeddah/king-abdulaziz-airport-to-shangri-la-jeddah,0,3,0%,66
https://saudiprivatetransfers.com/jeddah/executive-car-service-jeddah,0,3,0%,88.67
https://saudiprivatetransfers.com/ar/نقل-من-مطار-جدة-الى-فندق-هيلتون-جدة,0,3,0%,101.33
https://saudiprivatetransfers.com/ar/دليل-تاكسي-من-مطار-جدة-الى-مكة,0,3,0%,103.33
https://saudiprivatetransfers.com/madinah/prince-mohammad-bin-abdulaziz-airport-to-dar-al-taqwa-madinah,0,3,0%,141.33
https://saudiprivatetransfers.com/routes/madinah-to-amman,0,2,0%,1.5
https://saudiprivatetransfers.com/ar/نقل-من-مطار-المدينة-الى-فندق-إنتركونتيننتال-دار-الإيمان,0,2,0%,2.5
https://saudiprivatetransfers.com/blog/is-saudi-arabia-safe-for-solo-tourists-2026,0,2,0%,2.5
https://saudiprivatetransfers.com/jeddah/ibis-jeddah-malik-road-to-king-abdulaziz-airport,0,2,0%,3.5
https://saudiprivatetransfers.com/ar/نقل-من-مطار-جدة-الى-فندق-أنجم-مكة,0,2,0%,4
https://saudiprivatetransfers.com/jeddah/king-abdulaziz-airport-to-jeddah-marriott-hotel,0,2,0%,5
https://saudiprivatetransfers.com/makkah/doubletree-by-hilton-makkah-to-king-abdulaziz-airport,0,2,0%,5
https://saudiprivatetransfers.com/makkah/king-abdulaziz-airport-to-hilton-makkah-convention-hotel,0,2,0%,5
https://saudiprivatetransfers.com/ar/نقل-من-الرياض-الى-حائل,0,2,0%,5.5
https://saudiprivatetransfers.com/riyadh/king-khalid-airport-to-mandarin-oriental-al-faisaliah-riyadh,0,2,0%,5.5
https://saudiprivatetransfers.com/riyadh/hilton-riyadh-hotel-residences-to-king-khalid-airport,0,2,0%,6
https://saudiprivatetransfers.com/routes/dammam-airport-to-hofuf,0,2,0%,6
https://saudiprivatetransfers.com/routes/dammam-airport-to-dhahran,0,2,0%,6.5
https://saudiprivatetransfers.com/routes/dammam-airport-to-saihat,0,2,0%,6.5
https://saudiprivatetransfers.com/dammam/king-abdulaziz-port-to-dammam-city,0,2,0%,7
https://saudiprivatetransfers.com/riyadh/king-khalid-airport-to-courtyard-by-marriott-riyadh-olaya,0,2,0%,7
https://saudiprivatetransfers.com/routes/dhahran-to-dammam-airport,0,2,0%,7
https://saudiprivatetransfers.com/blog/travel-documents-bahrain-to-saudi-arabia,0,2,0%,7.5
https://saudiprivatetransfers.com/makkah/king-abdulaziz-airport-to-doubletree-by-hilton-makkah,0,2,0%,7.5
https://saudiprivatetransfers.com/riyadh/the-ritz-carlton-riyadh-to-king-khalid-airport,0,2,0%,7.5
https://saudiprivatetransfers.com/routes/dammam-to-abqaiq,0,2,0%,7.5
https://saudiprivatetransfers.com/routes/neom-to-alula,0,2,0%,8
https://saudiprivatetransfers.com/blog/saudi-arabia-intercity-taxi-services-guide,0,2,0%,8.5
https://saudiprivatetransfers.com/riyadh/king-khalid-airport-to-movenpick-hotel-riyadh,0,2,0%,8.5
https://saudiprivatetransfers.com/riyadh/king-khalid-airport-to-narcissus-hotel-spa-riyadh,0,2,0%,8.5
https://saudiprivatetransfers.com/routes/alula-to-neom,0,2,0%,8.5
https://saudiprivatetransfers.com/blog/saudi-tourist-visa-2026-guide,0,2,0%,9
https://saudiprivatetransfers.com/madinah/madinah-to-qiblatain-mosque,0,2,0%,10
https://saudiprivatetransfers.com/ar/دليل-السفر-من-الدمام-الى-البحرين,0,2,0%,10.5
https://saudiprivatetransfers.com/jeddah/jeddah-city-tour,0,2,0%,10.5
https://saudiprivatetransfers.com/makkah/king-abdulaziz-airport-to-elaf-kinda-makkah,0,2,0%,10.5
https://saudiprivatetransfers.com/makkah/makkah-to-muzdalifah,0,2,0%,10.5
https://saudiprivatetransfers.com/routes/dammam-to-al-khafji,0,2,0%,10.5
https://saudiprivatetransfers.com/blog/saudi-school-public-holidays-2027,0,2,0%,11
https://saudiprivatetransfers.com/routes/jeddah-to-kaec,0,2,0%,11
https://saudiprivatetransfers.com/routes/riyadh-to-dubai,0,2,0%,11
https://saudiprivatetransfers.com/ar/دليل-تاكسي-الرياض-الى-الدمام,0,2,0%,11.5
https://saudiprivatetransfers.com/makkah/swissotel-makkah-to-king-abdulaziz-airport,0,2,0%,15.5
https://saudiprivatetransfers.com/ar/تنقلات-جدة,0,2,0%,20.5
https://saudiprivatetransfers.com/blog/alula-travel-guide-2026,0,2,0%,21
https://saudiprivatetransfers.com/ar,0,2,0%,32.5
https://saudiprivatetransfers.com/makkah/elaf-kinda-makkah-to-king-abdulaziz-airport,0,2,0%,70
https://saudiprivatetransfers.com/makkah/anjum-hotel-makkah-to-king-abdulaziz-airport,0,2,0%,74
https://saudiprivatetransfers.com/ar/نقل-من-فندق-فوكو-مكة-الى-مطار-جدة,0,2,0%,95
https://saudiprivatetransfers.com/blog/top-tourist-destinations-private-taxi-saudi-arabia,0,2,0%,108.5
https://saudiprivatetransfers.com/jeddah/king-abdulaziz-airport-to-red-sea-palace-jeddah,0,2,0%,109.5
https://saudiprivatetransfers.com/ar/نقل-من-مطار-المدينة-الى-فندق-كراون-بلازا-المدينة,0,2,0%,110.5
https://saudiprivatetransfers.com/ar/نقل-من-فندق-موفنبيك-برج-هاجر-مكة-الى-مطار-جدة,0,2,0%,211.5
https://saudiprivatetransfers.com/blog/hotel-near-haram-what-to-know-before-booking,0,1,0%,1
https://saudiprivatetransfers.com/dammam/king-fahd-airport-to-wyndham-garden-dammam,0,1,0%,1
https://saudiprivatetransfers.com/ar/نقل-من-مطار-جدة-الى-فندق-رافلز-مكة-بالاس,0,1,0%,2
https://saudiprivatetransfers.com/blog/saudi-arabia-tourism-projects-2027,0,1,0%,2
https://saudiprivatetransfers.com/jeddah/holiday-inn-jeddah-gateway-to-king-abdulaziz-airport,0,1,0%,2
https://saudiprivatetransfers.com/riyadh/radisson-blu-riyadh-to-king-khalid-airport,0,1,0%,2
https://saudiprivatetransfers.com/ar/نقل-من-فندق-أنوار-المدينة-موفنبيك-الى-مطار-المدينة,0,1,0%,3
https://saudiprivatetransfers.com/jeddah/radisson-blu-jeddah-to-king-abdulaziz-airport,0,1,0%,3
https://saudiprivatetransfers.com/madinah/prince-mohammad-bin-abdulaziz-airport-to-elaf-taiba-madinah,0,1,0%,3
https://saudiprivatetransfers.com/ar/نقل-من-مطار-المدينة-الى-فندق-أنوار-المدينة-موفنبيك,0,1,0%,4
https://saudiprivatetransfers.com/blog/common-mistakes-tourists-make-in-saudi-arabia,0,1,0%,4
https://saudiprivatetransfers.com/dammam/king-fahd-airport-to-novotel-dammam-business-park,0,1,0%,4
https://saudiprivatetransfers.com/dammam/king-fahd-airport-to-ramada-by-wyndham-dammam-khaleej-road,0,1,0%,4
https://saudiprivatetransfers.com/jeddah/rosewood-jeddah-to-king-abdulaziz-airport,0,1,0%,4
https://saudiprivatetransfers.com/makkah/king-abdulaziz-airport-to-elaf-ajyad-makkah,0,1,0%,4
https://saudiprivatetransfers.com/riyadh/fairmont-riyadh-to-king-khalid-airport,0,1,0%,4
https://saudiprivatetransfers.com/riyadh/king-khalid-airport-to-radisson-blu-riyadh,0,1,0%,4
https://saudiprivatetransfers.com/routes/amman-to-madinah,0,1,0%,4
https://saudiprivatetransfers.com/routes/tabuk-to-alula,0,1,0%,4
https://saudiprivatetransfers.com/jeddah/king-abdulaziz-airport-to-park-hyatt-jeddah,0,1,0%,5
https://saudiprivatetransfers.com/makkah/king-abdulaziz-airport-to-intercontinental-dar-al-tawhid-makkah,0,1,0%,5
https://saudiprivatetransfers.com/riyadh/king-khalid-airport-to-the-ritz-carlton-riyadh,0,1,0%,5
https://saudiprivatetransfers.com/routes/jeddah-to-dubai,0,1,0%,5
https://saudiprivatetransfers.com/routes/qatif-to-dammam-airport,0,1,0%,5
https://saudiprivatetransfers.com/routes/saihat-to-dammam-airport,0,1,0%,5
https://saudiprivatetransfers.com/makkah/king-abdulaziz-airport-to-swissotel-makkah,0,1,0%,6
https://saudiprivatetransfers.com/makkah/le-meridien-towers-makkah-to-king-abdulaziz-airport,0,1,0%,6
https://saudiprivatetransfers.com/makkah/movenpick-hajar-tower-makkah-to-king-abdulaziz-airport,0,1,0%,6
https://saudiprivatetransfers.com/riyadh/four-seasons-hotel-riyadh-to-king-khalid-airport,0,1,0%,6
https://saudiprivatetransfers.com/riyadh/hyatt-regency-riyadh-olaya-to-king-khalid-airport,0,1,0%,6
https://saudiprivatetransfers.com/riyadh/king-khalid-airport-to-fairmont-riyadh,0,1,0%,6
https://saudiprivatetransfers.com/riyadh/king-khalid-airport-to-premier-inn-riyadh-olaya,0,1,0%,6
https://saudiprivatetransfers.com/routes/abqaiq-to-dammam-airport,0,1,0%,6
https://saudiprivatetransfers.com/routes/khafji-border-to-dammam,0,1,0%,6
https://saudiprivatetransfers.com/dammam/novotel-dammam-business-park-to-king-fahd-airport,0,1,0%,7
https://saudiprivatetransfers.com/dammam/sheraton-dammam-hotel-convention-centre-to-king-fahd-airport,0,1,0%,7
https://saudiprivatetransfers.com/jeddah/king-abdulaziz-airport-to-mercure-jeddah-al-hamra,0,1,0%,7
https://saudiprivatetransfers.com/madinah/dallah-taibah-madinah-to-prince-mohammad-bin-abdulaziz-airport,0,1,0%,7
https://saudiprivatetransfers.com/makkah/address-jabal-omar-makkah-to-king-abdulaziz-airport,0,1,0%,7
https://saudiprivatetransfers.com/riyadh/narcissus-hotel-spa-riyadh-to-king-khalid-airport,0,1,0%,7
https://saudiprivatetransfers.com/blog/cost-of-umrah-trip-2026,0,1,0%,8
https://saudiprivatetransfers.com/dammam/ramada-by-wyndham-dammam-khaleej-road-to-king-fahd-airport,0,1,0%,8
https://saudiprivatetransfers.com/routes/al-batha-border-to-riyadh,0,1,0%,8
https://saudiprivatetransfers.com/cities/makkah,0,1,0%,9
https://saudiprivatetransfers.com/dammam/dana-rayhaan-by-rotana-to-king-fahd-airport,0,1,0%,9
https://saudiprivatetransfers.com/makkah/king-abdulaziz-airport-to-jabal-omar-marriott-makkah,0,1,0%,9
https://saudiprivatetransfers.com/makkah/king-abdulaziz-airport-to-movenpick-hajar-tower-makkah,0,1,0%,9
https://saudiprivatetransfers.com/blog/dammam-travel-guide,0,1,0%,10
https://saudiprivatetransfers.com/border-transfers/jordan-border,0,1,0%,10
https://saudiprivatetransfers.com/jeddah/crowne-plaza-jeddah-to-king-abdulaziz-airport,0,1,0%,10
https://saudiprivatetransfers.com/jeddah/king-abdulaziz-airport-to-radisson-blu-jeddah,0,1,0%,10
https://saudiprivatetransfers.com/riyadh/intercontinental-riyadh-to-king-khalid-airport,0,1,0%,10
https://saudiprivatetransfers.com/riyadh/movenpick-hotel-riyadh-to-king-khalid-airport,0,1,0%,10
https://saudiprivatetransfers.com/riyadh/premier-inn-riyadh-olaya-to-king-khalid-airport,0,1,0%,10
https://saudiprivatetransfers.com/routes/dammam-to-khobar,0,1,0%,10
https://saudiprivatetransfers.com/routes/ras-tanura-to-dammam-airport,0,1,0%,10
https://saudiprivatetransfers.com/ar/دليل-جسر-الملك-فهد,0,1,0%,11
https://saudiprivatetransfers.com/jeddah/elaf-jeddah-to-king-abdulaziz-airport,0,1,0%,11
https://saudiprivatetransfers.com/jeddah/king-abdulaziz-airport-to-holiday-inn-jeddah-gateway,0,1,0%,11
https://saudiprivatetransfers.com/makkah/hilton-makkah-convention-hotel-to-king-abdulaziz-airport,0,1,0%,11
https://saudiprivatetransfers.com/routes/dammam-to-dhahran,0,1,0%,11
https://saudiprivatetransfers.com/ar/نقل-من-الخبر-الى-الرياض,0,1,0%,12
https://saudiprivatetransfers.com/dammam/golden-tulip-dammam-corniche-to-king-fahd-airport,0,1,0%,12
https://saudiprivatetransfers.com/makkah/king-abdulaziz-airport-to-fairmont-makkah-clock-royal-tower,0,1,0%,12
https://saudiprivatetransfers.com/routes/jeddah-to-yanbu,0,1,0%,12
https://saudiprivatetransfers.com/blog/riyadh-airport-transfer-business-travelers,0,1,0%,15
https://saudiprivatetransfers.com/jeddah/mercure-jeddah-al-hamra-to-king-abdulaziz-airport,0,1,0%,20
https://saudiprivatetransfers.com/jeddah/hotels-to-red-sea-mall,0,1,0%,21
https://saudiprivatetransfers.com/ar/من-نحن,0,1,0%,22
https://saudiprivatetransfers.com/ar/تنقلات-المدينة,0,1,0%,23
https://saudiprivatetransfers.com/blog/essential-duas-for-umrah-and-hajj,0,1,0%,27
https://saudiprivatetransfers.com/blog/ramadan-2026-makkah-transport-guide,0,1,0%,30
https://saudiprivatetransfers.com/jeddah/hourly-chauffeur-jeddah,0,1,0%,35
https://saudiprivatetransfers.com/blog/nusuk-app-umrah-guide,0,1,0%,37
https://saudiprivatetransfers.com/ar/نقل-العمرة,0,1,0%,38
https://saudiprivatetransfers.com/ar/نقل-الحج,0,1,0%,41
https://saudiprivatetransfers.com/ar/النقل-بين-المدن,0,1,0%,46
https://saudiprivatetransfers.com/ar/نقل-مطار-جدة,0,1,0%,48
https://saudiprivatetransfers.com/ar/ما-يجب-معرفته-قبل-حجز-فندق-قرب-الحرم,0,1,0%,57
https://saudiprivatetransfers.com/routes/makkah-to-riyadh,0,1,0%,60
http://saudiprivatetransfers.com/,0,1,0%,72
https://saudiprivatetransfers.com/ar/نقل-من-الرياض-الى-المدينة-المنورة,0,1,0%,74
https://saudiprivatetransfers.com/ar/النقل-عبر-الحدود,0,1,0%,94
https://saudiprivatetransfers.com/routes/madinah-to-riyadh,0,1,0%,95
https://saudiprivatetransfers.com/makkah/king-abdulaziz-airport-to-rove-makkah,0,1,0%,131
https://saudiprivatetransfers.com/ar/نقل-من-مكة-الى-منى,0,1,0%,132
https://saudiprivatetransfers.com/ar/نقل-من-المدينة-الى-المساجد-السبعة,0,1,0%,133
https://saudiprivatetransfers.com/makkah/elaf-ajyad-makkah-to-king-abdulaziz-airport,0,1,0%,135
https://saudiprivatetransfers.com/ar/نقل-من-الرياض-الى-نيوم,0,1,0%,136
https://saudiprivatetransfers.com/ar/نقل-من-الرياض-الى-تبوك,0,1,0%,139
https://saudiprivatetransfers.com/ar/نقل-من-حائل-الى-الرياض,0,1,0%,140
https://saudiprivatetransfers.com/makkah/raffles-makkah-palace-to-king-abdulaziz-airport,0,1,0%,140
https://saudiprivatetransfers.com/ar/نقل-من-فندق-دار-التوحيد-الى-مطار-جدة,0,1,0%,171
https://saudiprivatetransfers.com/ar/نقل-من-مطار-المدينة-الى-فندق-دلة-طيبة,0,1,0%,171
https://saudiprivatetransfers.com/ar/نقل-من-مطار-جدة-الى-فندق-إيلاف-كندة,0,1,0%,172
https://saudiprivatetransfers.com/madinah/shaza-madinah-to-prince-mohammad-bin-abdulaziz-airport,0,1,0%,172
https://saudiprivatetransfers.com/ar/نقل-من-فندق-دلة-طيبة-الى-مطار-المدينة,0,1,0%,173
https://saudiprivatetransfers.com/ar/نقل-من-مطار-المدينة-الى-فندق-شذا-المدينة,0,1,0%,174
https://saudiprivatetransfers.com/madinah/prince-mohammad-bin-abdulaziz-airport-to-madinah-hilton,0,1,0%,174
https://saudiprivatetransfers.com/ar/نقل-من-مطار-المدينة-الى-فندق-دار-التقوى,0,1,0%,175
https://saudiprivatetransfers.com/madinah/prince-mohammad-bin-abdulaziz-airport-to-shaza-madinah,0,1,0%,175
https://saudiprivatetransfers.com/ar/نقل-من-فندق-دار-التقوى-الى-مطار-المدينة,0,1,0%,176
https://saudiprivatetransfers.com/ar/نقل-من-فندق-إيلاف-طيبة-الى-مطار-المدينة,0,1,0%,177
https://saudiprivatetransfers.com/ar/نقل-من-مطار-جدة-الى-فندق-روف-مكة,0,1,0%,178
https://saudiprivatetransfers.com/ar/نقل-من-مطار-جدة-الى-فندق-لوميريديان-تاورز-مكة,0,1,0%,179
https://saudiprivatetransfers.com/ar/نقل-من-فندق-فرونتال-الحارثية-الى-مطار-المدينة,0,1,0%,180
https://saudiprivatetransfers.com/madinah/elaf-taiba-madinah-to-prince-mohammad-bin-abdulaziz-airport,0,1,0%,180
https://saudiprivatetransfers.com/routes/madinah-to-makkah,0,1,0%,186
https://saudiprivatetransfers.com/madinah/prince-mohammad-bin-abdulaziz-airport-to-frontel-al-harithia-madinah,0,1,0%,202
https://saudiprivatetransfers.com/madinah/intercontinental-dar-al-iman-madinah-to-prince-mohammad-bin-abdulaziz-airport,0,1,0%,207
https://saudiprivatetransfers.com/ar/نقل-من-مطار-المدينة-الى-فندق-بولمان-زمزم-المدينة,0,1,0%,212
https://saudiprivatetransfers.com/ar/نقل-من-فندق-كراون-بلازا-المدينة-الى-مطار-المدينة,0,1,0%,213
https://saudiprivatetransfers.com/ar/نقل-من-فندق-لوميريديان-تاورز-مكة-الى-مطار-جدة,0,1,0%,215