Top queries,Clicks,Impressions,CTR,Position
bahrain to dammam airport service,1,23,4.35%,58.61
makkah to madinah taxi,1,2,50%,140
makkah ziyarat taxi,0,92,0%,84.03
airport transfers saudi arabia,0,72,0%,77.68
location voiture aeroport taïf,0,50,0%,95.66
umrah airport transfer,0,44,0%,89.43
med airport drop off,0,42,0%,43.24
abha airport transportation,0,38,0%,39.5
medina airport cab,0,38,0%,88.16
saudi transfers mecca,0,37,0%,59.65
jeddah airport transfer,0,36,0%,78.17
location voiture aéroport international taïf,0,32,0%,87.34
dammam to bahrain,0,31,0%,48.87
medina airport drop off,0,26,0%,48.46
airport transfer for umrah,0,26,0%,93.12
transport bahrain to dammam airport,0,23,0%,65.43
madinah to yanbu distance,0,22,0%,9.05
ruh terminal 2 car service,0,22,0%,45.82
airport taxi service,0,22,0%,92.14
makkah ziyarat taxi cost,0,21,0%,76.14
med airport taxi,0,20,0%,34.15
bahrain to dammam taxi,0,20,0%,67.3
jeddah to taif,0,20,0%,73.35
khobar to bahrain taxi,0,18,0%,52.5
bahrain to khobar taxi,0,18,0%,55.56
taxi bahrain to dammam,0,18,0%,68.94
taxi from khobar to bahrain,0,17,0%,48.06
dammam to kuwait,0,17,0%,61.59
taxi service khobar,0,16,0%,52.38
taxi from bahrain to khobar,0,16,0%,53.5
dammam to riyadh taxi,0,16,0%,59.5
sim card at airport ksa tourist,0,16,0%,67.06
miqat to makkah distance,0,15,0%,10.4
al khobar to bahrain taxi,0,15,0%,56.2
bahrain to khobar,0,15,0%,58.4
jeddah airport taxi booking,0,15,0%,63.87
airport transfer riyadh,0,15,0%,77.53
الجبيل تاكسي,0,14,0%,25.64
dammam airport hotels,0,14,0%,38.36
al khobar to bahrain by road,0,14,0%,53.93
autovermietung taif flughafen,0,14,0%,66.07
saudi airport transfers,0,14,0%,73.07
private transport umrah,0,14,0%,82.29
tourist sim with data saudi arabia tourist,0,14,0%,86.71
airport transfer saudi arabia,0,13,0%,72.08
riyadh transfer,0,13,0%,74.69
dammam airport taxi service,0,13,0%,77.77
dammam airport taxi with driver,0,13,0%,79.77
private umrah transport,0,13,0%,86
ummrah transfers,0,13,0%,95.54
taxi from dammam to riyadh,0,12,0%,55.83
bahrain to dammam taxi service,0,12,0%,58.75
dammam to bahrain transportation,0,12,0%,61.5
dammam airport to jubail taxi fare,0,12,0%,69.5
taxi service from bahrain to dammam,0,12,0%,70.42
riyadh to dammam taxi,0,12,0%,71.75
jeddah to madina taxi,0,12,0%,99.83
riyadh to jubail distance,0,11,0%,9.45
khobar to riyadh distance,0,11,0%,16.55
al khobar to bahrain,0,11,0%,49.82
jubail to dammam airport taxi,0,11,0%,50.73
dammam to khobar taxi fare,0,11,0%,55.82
uber taxi from dammam train tatio to janabiya bahrain,0,11,0%,58.27
jeddah hotel to madinah hotel,0,11,0%,75.91
al khobar to bahrain distance,0,10,0%,43.1
saudi to bahrain taxi,0,10,0%,59.5
riyadh to dammam taxi price,0,10,0%,62.4
sim card for pilgrims saudi arabia tourist,0,10,0%,68.3
yanbu to madinah distance,0,9,0%,10.22
jeddah airport taxi,0,9,0%,38.44
khobar to bahrain distance,0,9,0%,43.22
al khobar to manama,0,9,0%,55.78
jubail to dammam airport taxi price,0,9,0%,60.56
bahrain to al khobar,0,9,0%,60.67
riyadh to dammam taxi fare,0,9,0%,65.67
taxi from bahrain to saudi arabia,0,9,0%,66.78
sim card for pilgrims ksa tourist,0,9,0%,69.44
alquiler coche aeropuerto de taif,0,9,0%,72.11
tourist data sim saudi arabia tourist,0,9,0%,72.56
private taxi for umrah pilgrims,0,9,0%,87.89
airport transfer jeddah to makkah,0,9,0%,89.78
ruh terminal 5 taxi,0,8,0%,34
bahrain to saudi taxi,0,8,0%,48.25
dammam to riyadh taxi fare,0,8,0%,50.75
khobar to manama,0,8,0%,56.88
jubail to khobar taxi fare,0,8,0%,57.62
driver from bahrain to dammam,0,8,0%,62.62
taxi in dammam,0,8,0%,68.38
airport pickup saudi arabia,0,8,0%,74.62
dammam airport taxi,0,8,0%,82.12
transportation makkah to medina,0,8,0%,90
saihat to dammam,0,7,0%,7.86
riyadh to taif distance by road,0,7,0%,10.57
jeddah airport immigration,0,7,0%,14.14
hail to riyadh distance by road,0,7,0%,16.43
pick and drop service in khobar,0,7,0%,29.57
med airport pickup,0,7,0%,43.57
taxi manama bahrain to dammam airport,0,7,0%,51.29
al khobar bahrain,0,7,0%,52.43
riyadh airport taxi service,0,7,0%,81.14
steps for umrah,0,7,0%,84.86
autovermietung abha flughafen,0,7,0%,87.14
madinah to badar ziyarat taxi,0,7,0%,90.57
jeddah to madinah car,0,7,0%,92.57
riyadh to yanbu distance by road,0,6,0%,9.83
doha to al khobar,0,6,0%,10.33
best places to visit in taif,0,6,0%,27.67
dammam to khobar,0,6,0%,45.5
ruh terminal 3 taxi,0,6,0%,47.5
distance from dammam to bahrain,0,6,0%,49.83
bahrain to riyadh taxi,0,6,0%,53
kuwait to dammam,0,6,0%,55.83
bahrain limo dammam station map,0,6,0%,57.17
best sim for umrah saudi arabia tourist,0,6,0%,58.33
umrah sim card saudi arabia tourist,0,6,0%,61.5
private transport,0,6,0%,67.67
sim card at airport saudi arabia tourist,0,6,0%,68
jubail to riyadh taxi fare,0,6,0%,68.67
taxi service in dammam,0,6,0%,70.17
jeddah airport taxi service,0,6,0%,74.33
madinah ziyarat taxi,0,6,0%,79.83
airport transfer,0,6,0%,81.83
rent a car with driver from dubai to dammam,0,6,0%,81.83
car transfer to airport,0,6,0%,87.33
difference between hajj and umrah,0,6,0%,88.17
jeddah airport to madinah taxi,0,6,0%,95.5
jeddah to mecca taxi,0,6,0%,98.33
dammam to ras tanura distance,0,5,0%,9.4
jeddah to miqat distance,0,5,0%,10
riyadh to tabuk distance by road,0,5,0%,10.4
كم يبعد مطار ينبع عن المدينة المنورة,0,5,0%,10.6
miqat locations for umrah,0,5,0%,11.6
jubail to dammam airport,0,5,0%,29
ينبع تاكسي,0,5,0%,31.2
بريدة تاكسي,0,5,0%,38.2
dammam to riyadh taxi price,0,5,0%,41.2
taif to jeddah,0,5,0%,50.8
dammam to doha,0,5,0%,57.4
riyadh airport transfer,0,5,0%,63.6
miqat in makkah,0,5,0%,67.2
dammam taxi,0,5,0%,70.2
riyadh airport taxi parking,0,5,0%,73.4
makkah to madinah h1,0,5,0%,75
riyadh airport transfer service,0,5,0%,75.8
private chauffeur service in buraydah,0,5,0%,76.8
jeddah to taif taxi fare,0,5,0%,79.2
riyadh airport taxi,0,5,0%,83.8
tourist sim with data ksa tourist,0,5,0%,84.8
medina airport to hotel taxi,0,5,0%,92.6
madinah to jeddah airport taxi fare,0,5,0%,132
doha to khobar,0,4,0%,7.5
riyadh to neom city distance,0,4,0%,9.75
al khobar to doha distance,0,4,0%,10.75
makkah to miqat distance,0,4,0%,17.25
miqat map,0,4,0%,31.75
ruh terminal 3 car service,0,4,0%,33.75
going by taxi to bahrain,0,4,0%,37.5
hotels near dammam airport,0,4,0%,38.25
ruh terminal 4 taxi,0,4,0%,47.75
renting a car in dammam to bahrain taxi,0,4,0%,53
dammam to bahrain taxi service,0,4,0%,54.25
jeddah airport to madinah,0,4,0%,57.75
hajj sim card saudi arabia tourist,0,4,0%,62.75
miqat,0,4,0%,63.5
online taxi in dammam,0,4,0%,66.5
taxi from saudi to bahrain,0,4,0%,68.25
jeddah to madinah taxi cost,0,4,0%,70.25
dammam taxi service,0,4,0%,73
tourist data sim ksa tourist,0,4,0%,73
hajj rituals,0,4,0%,77
shuttle from jeddah to makkah,0,4,0%,78
jeddah to makkah h1,0,4,0%,81.75
madinah airport to madinah hotel transport services,0,4,0%,85
what to do near hilton al nakheel with airport shuttle riyadh,0,4,0%,85
madinah hotel to madinah airport transport services,0,4,0%,89.25
autovermietung flughafen prinz abdulmohsen bin abdulaziz,0,4,0%,90.25
transport from jeddah to makkah,0,4,0%,90.25
jeddah to madinah taxi,0,4,0%,97.25
"""treat lounge"" buraydah",0,3,0%,2.67
alula to tabuk distance,0,3,0%,10.33
how far is khobar from riyadh,0,3,0%,11
miqat distance from makkah,0,3,0%,11
saudi arabia weather in august,0,3,0%,11
كم تبعد ينبع عن المدينة,0,3,0%,11.33
taxi jubail,0,3,0%,18.33
hofuf to riyadh,0,3,0%,23
bahrain to riyadh by car,0,3,0%,23.67
how many miqat in makkah,0,3,0%,26.67
taxi service in jubail,0,3,0%,32
al khobar to dammam airport,0,3,0%,35.67
dammam airport to khobar,0,3,0%,35.67
miqat umrah,0,3,0%,36.67
dammam bahrain,0,3,0%,37
things to do in al muruj with airport shuttle riyadh,0,3,0%,39.33
meeqat map,0,3,0%,42
ruh terminal 1 taxi,0,3,0%,45.67
best area to stay in al muruj with wifi riyadh,0,3,0%,47
dammam to bahrain distance,0,3,0%,47.67
jeddah to alula,0,3,0%,48
riyadh to bahrain distance,0,3,0%,49.33
فنادق مع خدمة نقل في الشرق الأوسط,0,3,0%,49.33
bahrain to dammam airport taxi,0,3,0%,49.67
dammam to bahrain distance by road,0,3,0%,49.67
meeqat near makkah,0,3,0%,50.33
khobar to bahrain,0,3,0%,51.33
distance between dammam and bahrain,0,3,0%,52.33
jeddah airport hajj terminal,0,3,0%,54
taxi khobar,0,3,0%,54
data sim for tourists saudi arabia tourist,0,3,0%,57
dammam to bahrain taxi fare,0,3,0%,57.67
med airport car service,0,3,0%,59.67
dammam to bahrain taxi,0,3,0%,61
www.car rental dammam airport to bahrain,0,3,0%,66.67
autovermietung roi abdulaziz flughafen,0,3,0%,70
what to do in king fahd district with airport shuttle riyadh,0,3,0%,71.33
cheap taxi to dammam,0,3,0%,74.33
jeddah to makkah,0,3,0%,74.67
umrah step by step,0,3,0%,77
jeddah airport to madinah hotel,0,3,0%,77.33
transportation to dammam,0,3,0%,77.33
best sim card for tourists ksa tourist,0,3,0%,78.33
how to perform umrah,0,3,0%,78.67
jeddah to madinah taxi fare,0,3,0%,82.67
king khalid international airport coach transfers,0,3,0%,82.67
professional airport transfers in jeddah,0,3,0%,83.67
makkah to madinah taxi service,0,3,0%,84
private taxi for umrah,0,3,0%,87
airport transport,0,3,0%,88
airport transfer from jeddah to makkah,0,3,0%,89.33
jeddah airport to madinah taxi fare,0,3,0%,90.67
umrah taxi service,0,3,0%,91
madinah airport taxi service,0,3,0%,92.33
how to do umrah,0,3,0%,93.33
airport transfers,0,3,0%,94.33
jeddah to madinah taxi service,0,3,0%,97
affordable private umrah taxi,0,3,0%,103
bahrain to jeddah by road,0,2,0%,5.5
bahrain to saudi arabia by road,0,2,0%,7.5
jeddah to alula distance,0,2,0%,7.5
bahrain to medina by road,0,2,0%,8.5
batha border to dammam distance,0,2,0%,8.5
neom to riyadh distance,0,2,0%,8.5
riyadh to qassim distance by road,0,2,0%,9.5
alula distance from riyadh,0,2,0%,10
tabuk to riyadh distance by road,0,2,0%,10
miqat distance,0,2,0%,10.5
riyadh to hail distance by road,0,2,0%,10.5
wifi jeddah airport,0,2,0%,10.5
al khobar to qatar distance,0,2,0%,11
riyadh airport wifi,0,2,0%,11
riyadh to alula distance,0,2,0%,11
riyadh to neom distance,0,2,0%,11
weather in saudi arabia in august,0,2,0%,11
riyadh to hofuf distance,0,2,0%,16
airport transfers in neom,0,2,0%,17.5
local taxi for bahrain causeway from dammam airport,0,2,0%,18
august weather in saudi arabia,0,2,0%,19.5
al ahsa to riyadh distance,0,2,0%,20.5
khobar to qatar,0,2,0%,20.5
ruh terminal 1 car service,0,2,0%,21.5
al khobar to qatar,0,2,0%,26
doha to riyadh by car,0,2,0%,26.5
miqat locations,0,2,0%,28
kuwait to riyadh by car,0,2,0%,28.5
mobile payment apps in saudi arabia,0,2,0%,28.5
nfc payment apps in saudi arabia,0,2,0%,28.5
al ahsa to khobar,0,2,0%,29.5
med airport cab,0,2,0%,29.5
riyadh to hofuf,0,2,0%,30
khobar bahrain,0,2,0%,32
dammam to jubail taxi fare,0,2,0%,37
dammam to manama,0,2,0%,37
jubail to dammam taxi price,0,2,0%,37
best app for international transfer in saudi arabia,0,2,0%,38
miqat boundary map,0,2,0%,38.5
bahrain to jubail taxi,0,2,0%,40
khamis mushait to abha,0,2,0%,40.5
riyadh to al qassim distance,0,2,0%,41
taxi to bahrain,0,2,0%,41
khobar to dammam,0,2,0%,41.5
kuwait to dammam by road,0,2,0%,41.5
doha to dammam by road,0,2,0%,42
dammam airport hotel,0,2,0%,42.5
hotel dammam airport,0,2,0%,43
dammam to al khobar,0,2,0%,43.5
dammam to kuwait by road,0,2,0%,43.5
kuwait to dammam distance by road,0,2,0%,44
saudi arabia dress code for male foreigners,0,2,0%,44
taif to jeddah distance,0,2,0%,45
نجران تاكسي,0,2,0%,45.5
من تبوك إلى الرياض كم ساعة بالسياره,0,2,0%,46
best sim for umrah ksa tourist,0,2,0%,47.5
dammam to bahrain by car,0,2,0%,48
خدمات نقل مطار الرياض,0,2,0%,48
miqat from jeddah,0,2,0%,49
new umrah visa rules,0,2,0%,49.5
taif meeqat location,0,2,0%,49.5
riyadh to abha train,0,2,0%,50.5
hajj sim card ksa tourist,0,2,0%,53
hajj terminal jeddah,0,2,0%,53.5
dammam taxi number,0,2,0%,54
madinah to jeddah airport,0,2,0%,55
jeddah hajj terminal,0,2,0%,55.5
taxi from dammam to bahrain,0,2,0%,57
dammam to bahrain taxi cost,0,2,0%,58.5
saudi arabia tourist dress code,0,2,0%,58.5
hajj terminal,0,2,0%,59.5
rituals in hajj,0,2,0%,59.5
bahrain to dammam,0,2,0%,60.5
hajj and umrah,0,2,0%,60.5
car service from dammam to bahrain,0,2,0%,63
taxi for the airport,0,2,0%,63
taxi service dammam,0,2,0%,66
how to make umrah,0,2,0%,66.5
taxi from bahrain to dammam,0,2,0%,70
private transportation,0,2,0%,71
umrah packages for elderly,0,2,0%,74
jeddah airport to makkah transfer,0,2,0%,75.5
airport taxi riyadh,0,2,0%,76.5
riyadh taxi service,0,2,0%,78
umrah steps,0,2,0%,78.5
how do you perform umrah,0,2,0%,80
book private taxi for umrah,0,2,0%,81
umrah hajj difference,0,2,0%,82
jeddah to makkah transport,0,2,0%,83.5
transportaion of airport,0,2,0%,84
hajj and umrah difference,0,2,0%,85
madinah to jeddah taxi fare,0,2,0%,85
umrah and hajj difference,0,2,0%,86
things to do near hilton al muruj with airport shuttle riyadh,0,2,0%,87.5
chauffeur service in jeddah,0,2,0%,89
what is the difference between hajj and umrah,0,2,0%,89.5
which area to stay al muruj with free wifi riyadh,0,2,0%,89.5
makkah ziyarat tour transpotation sevices,0,2,0%,91
madinah airport to madinah hotel taxi,0,2,0%,92
airport taxi,0,2,0%,92.5
which area to stay al muruj with wifi riyadh,0,2,0%,94
makkah hotel to madinah hotel taxi,0,2,0%,99.5
ruh terminal 5,0,1,0%,1
نعم,0,1,0%,1
"""treat lounge"" buraidah",0,1,0%,2
salwa border,0,1,0%,2
"""balad.ir"" executive departure or resignation 2026",0,1,0%,4
"""jazan international airport"" -site:reddit.com -site:twitter.com 
-site:x.com -site:wykop.pl -site:tripadvisor.com -site:youtube.com 
-site:yelp.com -site:booking.com -site:facebook.com -site:instagram.com 
-site:tiktok.com",0,1,0%,4
"""treat lounge"" بريدة",0,1,0%,4
do all airports have wifi,0,1,0%,5
al khafji to dammam,0,1,0%,6
can you drive from bahrain to saudi arabia,0,1,0%,6
careem vs uber in saudi arabia,0,1,0%,6
bahrain to makkah by road,0,1,0%,7
badr to yanbu distance,0,1,0%,8
car,0,1,0%,8
riyadh to jubail distance by road,0,1,0%,8
"""king salman international airport"" -site:reddit.com -site:twitter.com 
-site:x.com -site:wykop.pl -site:tripadvisor.com -site:youtube.com 
-site:yelp.com -site:booking.com -site:facebook.com -site:instagram.com 
-site:tiktok.com",0,1,0%,9
bahrain to jeddah distance by road,0,1,0%,9
khafji to dammam distance,0,1,0%,9
madina to yanbu distance,0,1,0%,9
saudi in august,0,1,0%,9
august weather saudi arabia,0,1,0%,10
distance between jubail and riyadh,0,1,0%,10
how many miqat are there in saudi arabia,0,1,0%,10
jeddah to bahrain by road,0,1,0%,10
khafji to dammam,0,1,0%,10
khobar to riyadh,0,1,0%,10
makkah to al ula distance,0,1,0%,10
meeqat distance,0,1,0%,10
neom city to riyadh distance,0,1,0%,10
salwa to riyadh distance,0,1,0%,10
way to haram,0,1,0%,10
yanbu to riyadh distance by road,0,1,0%,10
"""madinah"" ""jeddah airport"" miqat announcement train",0,1,0%,11
alula to riyadh distance,0,1,0%,11
august weather in saudi,0,1,0%,11
does madinah airport have free wifi,0,1,0%,11
does riyadh airport have free wifi,0,1,0%,11
hail taxi,0,1,0%,11
jeddah airport to madinah distance,0,1,0%,11
jubail to riyadh distance,0,1,0%,11
madina to yambo distance,0,1,0%,11
madinah to miqat distance,0,1,0%,11
makkah to abha distance by road,0,1,0%,11
neom to makkah distance,0,1,0%,11
ras tanura to dammam distance,0,1,0%,11
saudi payment apps,0,1,0%,11
saudi weather in august,0,1,0%,11
where is miqat from jeddah,0,1,0%,11
من الجبيل إلى الرياض,0,1,0%,11
how hot is saudi arabia in august,0,1,0%,12
intercity taxi service,0,1,0%,12
medina to yanbu distance,0,1,0%,12
yalamlam miqat to jeddah distance,0,1,0%,12
dammam to khafji,0,1,0%,13
metro taxi,0,1,0%,13
airport dmm,0,1,0%,15
miqat boundary for umrah,0,1,0%,15
riyadh corporate transfers,0,1,0%,15
is there wifi in jeddah airport,0,1,0%,17
ruh terminal 4 car service,0,1,0%,17
vip airport transfers service in makkah,0,1,0%,17
dhahran to bahrain,0,1,0%,18
jeddah airport transfers,0,1,0%,18
khobar to doha,0,1,0%,18
makkah to jeddah airport taxi,0,1,0%,19
al khobar to riyadh distance,0,1,0%,20
bahrain to dammam by road,0,1,0%,20
jubail to khobar,0,1,0%,21
king fahd international airport dmm,0,1,0%,22
neom to riyadh,0,1,0%,23
riyadh to al khobar distance,0,1,0%,23
distance from bahrain to riyadh,0,1,0%,24
places to visit near al muruj with airport shuttle riyadh,0,1,0%,24
places to visit near al nakheel with airport shuttle riyadh,0,1,0%,24
dammam to bahrain bus,0,1,0%,25
dammam to khafji distance,0,1,0%,25
airport wifi,0,1,0%,26
jeddah airport passport control,0,1,0%,27
riyadh to qassim distance,0,1,0%,27
manama to dammam,0,1,0%,28
places to visit near al olaya with airport shuttle riyadh,0,1,0%,28
riyadh to jubail distance by train,0,1,0%,28
what's the weather like in august,0,1,0%,28
khobar to jubail,0,1,0%,29
manama to dammam bus,0,1,0%,29
jizan to khamis mushait distance,0,1,0%,30
"""taxi service""",0,1,0%,31
dammam to bahrain by road,0,1,0%,31
doha to riyadh drive,0,1,0%,31
jubail to riyadh,0,1,0%,31
what is umrah and hajj,0,1,0%,31
الاحساء الى الرياض,0,1,0%,32
khobar airport,0,1,0%,33
manama to dammam distance,0,1,0%,33
taxis hotel,0,1,0%,33
things to do in taif saudi arabia,0,1,0%,33
august season weather,0,1,0%,34
best place to visit in taif,0,1,0%,34
riyadh to tabuk train,0,1,0%,34
yanbu to jeddah airport distance,0,1,0%,34
best sim card for tourists saudi arabia tourist,0,1,0%,35
dammam airport to al khobar distance,0,1,0%,35
doha to dammam taxi,0,1,0%,35
riyadh to bahrain drive,0,1,0%,35
riyadh to qatar by road,0,1,0%,35
kuwait to dammam by car,0,1,0%,36
madinah airport transfer,0,1,0%,36
miqat for jeddah residents,0,1,0%,36
yanbu to riyadh,0,1,0%,36
best time to visit taif,0,1,0%,37
abha to khamis mushait distance,0,1,0%,38
buraidah to riyadh,0,1,0%,38
dammam airport to kuwait,0,1,0%,38
makkah weather in august,0,1,0%,38
places to visit near king fahd district with airport shuttle riyadh,0,1,0%,38
things to do at jeddah airport,0,1,0%,38
things to do in taif,0,1,0%,38
saudi airport immigration,0,1,0%,39
umrah in august weather,0,1,0%,39
airport transfer quotes,0,1,0%,40
green taxi dammam contact number,0,1,0%,40
saudi arabia to bahrain by road,0,1,0%,40
dammam to kuwait bus,0,1,0%,41
ruh terminal 2 pickup,0,1,0%,41
madinah to jeddah airport distance,0,1,0%,42
riyadh to alkhobar,0,1,0%,43
dammam airport to al khobar,0,1,0%,44
dammam hotels near airport,0,1,0%,44
khobar to bahrain bus,0,1,0%,44
what to wear in saudi,0,1,0%,44
al ula to jeddah distance,0,1,0%,45
riyadh to bahrain,0,1,0%,45
things to do in al olaya with airport shuttle riyadh,0,1,0%,45
what to do in al nakheel with airport shuttle riyadh,0,1,0%,45
distance from riyadh to bahrain,0,1,0%,46
riyadh to taif train,0,1,0%,46
من ينبع الى المدينة,0,1,0%,46
bahrain to dammam airport,0,1,0%,47
dammam to khobar distance,0,1,0%,47
من الرياض إلى العلا بالسيارة,0,1,0%,47
al ahsa to riyadh,0,1,0%,48
bahrain limo dammam locations,0,1,0%,48
khobar to riyadh train,0,1,0%,48
makkah to madinah transfer,0,1,0%,48
haj terminal b taxi,0,1,0%,49
jeddah to al ula,0,1,0%,49
kuwait to riyadh distance,0,1,0%,49
miqat near madina,0,1,0%,49
tawaf e ziyarat in hajj,0,1,0%,49
كم تبعد العلا عن الرياض,0,1,0%,49
book a hotel transfer,0,1,0%,50
damam to kuwait,0,1,0%,50
day trips from riyadh,0,1,0%,50
riyadh to tabuk distance by flight,0,1,0%,50
how many terminals in jeddah airport,0,1,0%,51
hajj terminal jeddah airport,0,1,0%,52
riyadh to bahrain by road,0,1,0%,52
best money transfer app in saudi arabia,0,1,0%,53
dammam taxi bahrain bridge,0,1,0%,53
من الرياض للاحساء كم ساعة بالسياره,0,1,0%,53
dmm airport,0,1,0%,54
riyadh to kuwait city,0,1,0%,54
south terminal jeddah,0,1,0%,54
من الرياض للاحساء كم / ساعة بالسياره,0,1,0%,54
hail a taxi,0,1,0%,55
miqat from madinah,0,1,0%,55
miqat saudi arabia,0,1,0%,55
taxi dammam to bahrain,0,1,0%,55
hajj terminal east,0,1,0%,56
jeddah airport south terminal,0,1,0%,56
meeqat for umrah,0,1,0%,56
miqat from riyadh to makkah,0,1,0%,56
new jazan airport,0,1,0%,56
dammam to manama taxi,0,1,0%,57
hajj & umrah,0,1,0%,57
miqat hajj,0,1,0%,57
إقامة للحج قرب الحرم,0,1,0%,57
من مطار جدة الى مكة,0,1,0%,57
hajj terminal airport,0,1,0%,58
jeddah terminal h location,0,1,0%,58
kuwait city to riyadh,0,1,0%,58
miqat for umrah,0,1,0%,58
miqat near jeddah,0,1,0%,58
hujjaj umrah taxi,0,1,0%,59
jeddah airport terminal h location,0,1,0%,59
what to wear in saudi arabia,0,1,0%,59
mecca to riyadh,0,1,0%,60
الرحلات الخاصة,0,1,0%,60
jeddah to taif distance by road,0,1,0%,61
what is miqat,0,1,0%,61
فنادق مع خدمة نقل في سوهو,0,1,0%,61
miqat from riyadh,0,1,0%,62
meeqat points,0,1,0%,63
hajj or umrah,0,1,0%,64
jeddah to taif distance,0,1,0%,65
dammam to qatar distance,0,1,0%,67
its miqaat,0,1,0%,67
jeddah airport meet and greet service,0,1,0%,68
autovermietung khamis muschait,0,1,0%,69
miqat points,0,1,0%,69
how to do umrah step by step,0,1,0%,70
makkah miqat location,0,1,0%,70
miqat mosque,0,1,0%,70
prepaid sim card for visitors ksa prepaid & recharge,0,1,0%,70
umrah sim card ksa tourist,0,1,0%,70
airport near al khobar saudi arabia,0,1,0%,71
jeddah taxi service,0,1,0%,72
transport from makkah to madinah,0,1,0%,72
transportation jeddah to makkah,0,1,0%,72
taxi riyadh airport,0,1,0%,73
steps of umrah,0,1,0%,74
كم تبعد الرياض عن المدينة المنورة,0,1,0%,74
bahrain to khobar airport taxi,0,1,0%,75
how to perform umrah step by step,0,1,0%,75
كم تبعد الرياض عن الاحساء,0,1,0%,75
transport jeddah to makkah,0,1,0%,77
madinah to madinah airport,0,1,0%,79
makkah to jeddah airport,0,1,0%,80
where to stay in al muruj with airport shuttle riyadh,0,1,0%,80
airport transfer jeddah,0,1,0%,81
car from makkah to madinah,0,1,0%,81
jeddah to taif by car,0,1,0%,81
hajj comparison,0,1,0%,82
jeddah to makkah taxi service,0,1,0%,83
private taxi,0,1,0%,83
taxi dammam,0,1,0%,83
makkah haram to jeddah airport taxi fare,0,1,0%,84
rituals of the hajj,0,1,0%,84
taxi airport,0,1,0%,84
tourist sim card saudi arabia tourist,0,1,0%,84
jeddah chauffeur service,0,1,0%,85
makkah hotel to madinah hotel,0,1,0%,86
airport transfer service,0,1,0%,87
differences between hajj and umrah,0,1,0%,87
how umrah is performed,0,1,0%,87
miqat its52,0,1,0%,87
steps to perform umrah,0,1,0%,87
taxi from makkah to madinah,0,1,0%,87
how to go to umrah,0,1,0%,88
private umrah taxi,0,1,0%,88
things to do near hilton al nakheel with airport shuttle riyadh,0,1,0%,88
what to do near hilton king fahd district with wifi riyadh,0,1,0%,88
umrah and haji,0,1,0%,89
umrah & hajj,0,1,0%,90
madinah airport taxi,0,1,0%,91
taxi from madinah to jeddah airport,0,1,0%,91
difference between umrah and hajj,0,1,0%,92
jeddah to madinah by car,0,1,0%,92
taxi in jeddah airport,0,1,0%,92
chauffeur service jeddah,0,1,0%,93
umrah guidelines,0,1,0%,93
من جدة الى المدينة,0,1,0%,94
taif taxi service,0,1,0%,95
taxi from jeddah airport to mecca,0,1,0%,96
what's the difference between hajj and umrah,0,1,0%,96
ziyarat transports,0,1,0%,97
airport taxi jeddah,0,1,0%,98
jeddah to makkah transfer,0,1,0%,98
cheap taxi from jeddah airport to makkah,0,1,0%,99
madinah to jeddah taxi service,0,1,0%,99
jeddah airport to makkah taxi,0,1,0%,100
careem,0,1,0%,102
taxi from madinah to makkah,0,1,0%,186