URL,Category,Primary Keyword / Title,FAQ Count,Section Count,Est. Word Count,Has Arabic Version,Source File
"/routes/jeddah-to-makkah","Route Pages (Intercity)","Jeddah to Makkah","0","0","119","Yes","data/routes.ts"
"/routes/makkah-to-madinah","Route Pages (Intercity)","Makkah to Madinah","0","0","102","No","data/routes.ts"
"/routes/madinah-to-makkah","Route Pages (Intercity)","Madinah to Makkah","0","0","104","No","data/routes.ts"
"/routes/jeddah-to-madinah","Route Pages (Intercity)","Jeddah to Madinah","0","0","100","No","data/routes.ts"
"/routes/riyadh-to-dammam","Route Pages (Intercity)","Riyadh to Dammam","0","0","102","No","data/routes.ts"
"/routes/dammam-to-riyadh","Route Pages (Intercity)","Dammam to Riyadh","0","0","96","No","data/routes.ts"
"/routes/riyadh-to-jeddah","Route Pages (Intercity)","Riyadh to Jeddah","0","0","101","No","data/routes.ts"
"/routes/riyadh-to-alula","Route Pages (Intercity)","Riyadh to AlUla","0","0","98","No","data/routes.ts"
"/routes/madinah-to-alula","Route Pages (Intercity)","Madinah to AlUla","0","0","96","No","data/routes.ts"
"/routes/jeddah-to-taif","Route Pages (Intercity)","Jeddah to Taif","0","0","87","No","data/routes.ts"
"/routes/makkah-to-jeddah","Route Pages (Intercity)","Makkah to Jeddah Taxi | Private Transfer","0","0","155","No","data/routes.ts"
"/routes/madinah-to-jeddah","Route Pages (Intercity)","Madinah to Jeddah Taxi | Private Transfer","0","0","149","No","data/routes.ts"
"/routes/taif-to-jeddah","Route Pages (Intercity)","Taif to Jeddah Taxi | Private Transfer","0","0","144","No","data/routes.ts"
"/routes/jeddah-to-yanbu","Route Pages (Intercity)","Jeddah to Yanbu Taxi | Private Transfer","0","0","148","No","data/routes.ts"
"/routes/yanbu-to-jeddah","Route Pages (Intercity)","Yanbu to Jeddah Taxi | Private Transfer","0","0","148","No","data/routes.ts"
"/routes/jeddah-to-kaec","Route Pages (Intercity)","Jeddah to KAEC Taxi | Private Transfer","0","0","159","No","data/routes.ts"
"/routes/kaec-to-jeddah","Route Pages (Intercity)","KAEC to Jeddah Taxi | Private Transfer","0","0","152","No","data/routes.ts"
"/routes/makkah-to-taif","Route Pages (Intercity)","Makkah to Taif Taxi | Private Transfer","6","3","732","No","data/routes.ts"
"/routes/taif-to-makkah","Route Pages (Intercity)","Taif to Makkah Taxi | Private Transfer","6","3","707","No","data/routes.ts"
"/routes/alula-to-tabuk","Route Pages (Intercity)","AlUla to Tabuk Taxi | Private Transfer","6","3","702","No","data/routes.ts"
"/routes/tabuk-to-alula","Route Pages (Intercity)","Tabuk to AlUla Taxi | Private Transfer","6","3","695","No","data/routes.ts"
"/routes/alula-to-neom","Route Pages (Intercity)","AlUla to NEOM Taxi | Private Transfer","6","4","798","No","data/routes.ts"
"/routes/neom-to-alula","Route Pages (Intercity)","NEOM to AlUla Taxi | Private Transfer","6","3","729","No","data/routes.ts"
"/routes/riyadh-to-khobar","Route Pages (Intercity)","Riyadh to Khobar Taxi | Private Highway Transfer (~4 Hours)","12","11","2194","Yes","data/routes.ts"
"/routes/khobar-to-riyadh","Route Pages (Intercity)","Khobar to Riyadh Taxi | Private Highway Transfer (~4 Hours)","12","11","1942","Yes","data/routes.ts"
"/routes/riyadh-to-jubail","Route Pages (Intercity)","Riyadh to Jubail Taxi | Private Transfer (~4h 45m)","12","10","1666","Yes","data/routes.ts"
"/routes/jubail-to-riyadh","Route Pages (Intercity)","Jubail to Riyadh Taxi | Private Transfer (~4h 45m)","12","11","1320","Yes","data/routes.ts"
"/routes/riyadh-to-hofuf","Route Pages (Intercity)","Riyadh to Hofuf Taxi | Private Transfer to Al-Ahsa (~3h 15m)","12","11","1394","Yes","data/routes.ts"
"/routes/hofuf-to-riyadh","Route Pages (Intercity)","Hofuf to Riyadh Taxi | Private Transfer from Al-Ahsa (~3h 15m)","12","11","1124","Yes","data/routes.ts"
"/routes/riyadh-to-qassim","Route Pages (Intercity)","Riyadh to Qassim Taxi | Private Transfer to Buraidah (~3h 30m)","12","11","1216","Yes","data/routes.ts"
"/routes/qassim-to-riyadh","Route Pages (Intercity)","Qassim to Riyadh Taxi | Private Transfer from Buraidah (~3h 30m)","12","11","1030","Yes","data/routes.ts"
"/routes/riyadh-to-hail","Route Pages (Intercity)","Riyadh to Hail Taxi | Private Long-Distance Transfer (~6h 30m)","12","11","1297","Yes","data/routes.ts"
"/routes/hail-to-riyadh","Route Pages (Intercity)","Hail to Riyadh Taxi | Private Long-Distance Transfer (~6h 30m)","12","11","1048","Yes","data/routes.ts"
"/routes/riyadh-to-madinah","Route Pages (Intercity)","Riyadh to Madinah Taxi | Private Transfer (~8h 30m)","12","11","1242","Yes","data/routes.ts"
"/routes/madinah-to-riyadh","Route Pages (Intercity)","Madinah to Riyadh Taxi | Private Transfer (~8h 30m)","12","11","1048","Yes","data/routes.ts"
"/routes/riyadh-to-taif","Route Pages (Intercity)","Riyadh to Taif Taxi | Private Transfer to the Mountains (~7h 30m)","12","11","1200","Yes","data/routes.ts"
"/routes/taif-to-riyadh","Route Pages (Intercity)","Taif to Riyadh Taxi | Private Transfer from the Mountains (~7h 30m)","12","11","1023","Yes","data/routes.ts"
"/routes/riyadh-to-abha","Route Pages (Intercity)","Riyadh to Abha Taxi | Private Transfer to the Asir Mountains (~8h 45m)","12","11","1196","Yes","data/routes.ts"
"/routes/abha-to-riyadh","Route Pages (Intercity)","Abha to Riyadh Taxi | Private Transfer from the Mountains (~8h 45m)","12","11","987","Yes","data/routes.ts"
"/routes/riyadh-to-tabuk","Route Pages (Intercity)","Riyadh to Tabuk Taxi | Private Long-Distance Transfer (~10h 30m)","12","11","1153","Yes","data/routes.ts"
"/routes/tabuk-to-riyadh","Route Pages (Intercity)","Tabuk to Riyadh Taxi | Private Long-Distance Transfer (~10h 30m)","12","11","1014","Yes","data/routes.ts"
"/routes/riyadh-to-yanbu","Route Pages (Intercity)","Riyadh to Yanbu Taxi | Private Transfer to the Red Sea Coast (~9h 30m)","12","11","1122","Yes","data/routes.ts"
"/routes/yanbu-to-riyadh","Route Pages (Intercity)","Yanbu to Riyadh Taxi | Private Transfer from the Red Sea Coast (~9h 30m)","12","11","990","Yes","data/routes.ts"
"/routes/riyadh-to-neom","Route Pages (Intercity)","Riyadh to NEOM Taxi | Private Long-Distance Transfer (~11h 30m)","12","11","1229","Yes","data/routes.ts"
"/routes/neom-to-riyadh","Route Pages (Intercity)","NEOM to Riyadh Taxi | Private Long-Distance Transfer (~11h 30m)","12","10","984","Yes","data/routes.ts"
"/routes/dammam-to-khobar","Route Pages (Intercity)","Dammam to Al Khobar Taxi | Private Transfer","4","0","296","No","data/dammam-routes.ts"
"/routes/khobar-to-dammam","Route Pages (Intercity)","Al Khobar to Dammam Taxi | Private Transfer","4","0","250","No","data/dammam-routes.ts"
"/routes/dammam-to-dhahran","Route Pages (Intercity)","Dammam to Dhahran Taxi | Private Transfer","4","0","286","No","data/dammam-routes.ts"
"/routes/dhahran-to-dammam","Route Pages (Intercity)","Dhahran to Dammam Taxi | Private Transfer","4","0","218","No","data/dammam-routes.ts"
"/routes/dammam-to-jubail","Route Pages (Intercity)","Dammam to Jubail Taxi | Private Transfer","4","0","272","No","data/dammam-routes.ts"
"/routes/jubail-to-dammam","Route Pages (Intercity)","Jubail to Dammam Taxi | Private Transfer","4","0","244","No","data/dammam-routes.ts"
"/routes/dammam-to-ras-tanura","Route Pages (Intercity)","Dammam to Ras Tanura Taxi | Private Transfer","4","0","256","No","data/dammam-routes.ts"
"/routes/ras-tanura-to-dammam","Route Pages (Intercity)","Ras Tanura to Dammam Taxi | Private Transfer","4","0","223","No","data/dammam-routes.ts"
"/routes/dammam-to-qatif","Route Pages (Intercity)","Dammam to Qatif Taxi | Private Transfer","4","0","226","No","data/dammam-routes.ts"
"/routes/qatif-to-dammam","Route Pages (Intercity)","Qatif to Dammam Taxi | Private Transfer","4","0","204","No","data/dammam-routes.ts"
"/routes/dammam-to-saihat","Route Pages (Intercity)","Dammam to Saihat Taxi | Private Transfer","4","0","211","No","data/dammam-routes.ts"
"/routes/saihat-to-dammam","Route Pages (Intercity)","Saihat to Dammam Taxi | Private Transfer","4","0","193","No","data/dammam-routes.ts"
"/routes/dammam-to-al-khafji","Route Pages (Intercity)","Dammam to Al Khafji Taxi | Private Transfer","4","0","271","No","data/dammam-routes.ts"
"/routes/al-khafji-to-dammam","Route Pages (Intercity)","Al Khafji to Dammam Taxi | Private Transfer","4","0","221","No","data/dammam-routes.ts"
"/routes/dammam-to-hofuf","Route Pages (Intercity)","Dammam to Hofuf Taxi | Al-Ahsa Oasis Transfer","4","0","250","No","data/dammam-routes.ts"
"/routes/hofuf-to-dammam","Route Pages (Intercity)","Hofuf to Dammam Taxi | Private Transfer","4","0","214","No","data/dammam-routes.ts"
"/routes/dammam-to-abqaiq","Route Pages (Intercity)","Dammam to Abqaiq Taxi | Private Transfer","4","0","238","No","data/dammam-routes.ts"
"/routes/abqaiq-to-dammam","Route Pages (Intercity)","Abqaiq to Dammam Taxi | Private Transfer","4","0","207","No","data/dammam-routes.ts"
"/routes/makkah-to-riyadh","Route Pages (Intercity)","Makkah to Riyadh Taxi | Private Long-Distance Transfer","6","6","990","No","data/makkah-routes.ts"
"/routes/riyadh-to-makkah","Route Pages (Intercity)","Riyadh to Makkah Taxi | Private Umrah Transfer","6","6","882","No","data/makkah-routes.ts"
"/routes/makkah-to-kaec","Route Pages (Intercity)","Makkah to KAEC Taxi | King Abdullah Economic City Transfer","6","6","786","No","data/makkah-routes.ts"
"/routes/makkah-to-yanbu","Route Pages (Intercity)","Makkah to Yanbu Taxi | Private Red Sea Coast Transfer","6","6","774","No","data/makkah-routes.ts"
"/routes/makkah-to-alula","Route Pages (Intercity)","Makkah to AlUla Taxi | Private Heritage Transfer","6","6","821","No","data/makkah-routes.ts"
"/routes/makkah-to-dammam","Route Pages (Intercity)","Makkah to Dammam Taxi | Coast-to-Coast Private Transfer","6","6","845","No","data/makkah-routes.ts"
"/routes/makkah-to-abha","Route Pages (Intercity)","Makkah to Abha Taxi | Private Asir Highlands Transfer","6","6","779","No","data/makkah-routes.ts"
"/border-transfers/bahrain-causeway","Border Crossing Pages","Bahrain Causeway Taxi | Saudi to Bahrain Transfers","0","0","135","No","data/borders.ts"
"/border-transfers/qatar-border","Border Crossing Pages","Qatar Border Taxi | Saudi to Salwa Crossing Transfers","0","0","123","No","data/borders.ts"
"/border-transfers/uae-border","Border Crossing Pages","UAE Border Taxi | Saudi to Al Batha Crossing Transfers","0","0","127","No","data/borders.ts"
"/border-transfers/kuwait-border","Border Crossing Pages","Kuwait Border Taxi | Saudi to Al Khafji Crossing Transfers","0","0","130","No","data/borders.ts"
"/border-transfers/jordan-border","Border Crossing Pages","Jordan Border Taxi | Saudi to Al Haditha Crossing Transfers","0","0","134","No","data/borders.ts"
"/airport-transfer/riyadh-airport","Airport Pages","Riyadh Airport Taxi | King Khalid (RUH) Transfers","0","0","140","Yes","data/airports.ts"
"/airport-transfer/jeddah-airport","Airport Pages","Jeddah Airport Taxi | King Abdulaziz (JED) to Makkah","0","0","132","Yes","data/airports.ts"
"/airport-transfer/madinah-airport","Airport Pages","Madinah Airport Taxi | Prince Mohammad (MED) Transfers","0","0","127","No","data/airports.ts"
"/airport-transfer/dammam-airport","Airport Pages","Dammam Airport Taxi | King Fahd (DMM) Transfers","0","0","122","No","data/airports.ts"
"/airport-transfer/taif-airport","Airport Pages","Taif Airport Taxi | Taif Regional (TIF) Transfers","0","0","107","No","data/airports.ts"
"/airport-transfer/abha-airport","Airport Pages","Abha Airport Taxi | Abha International (AHB) Transfers","0","0","110","No","data/airports.ts"
"/airport-transfer/tabuk-airport","Airport Pages","Tabuk Airport Taxi | Tabuk Regional (TUU) Transfers","0","0","104","No","data/airports.ts"
"/airport-transfer/yanbu-airport","Airport Pages","Yanbu Airport Taxi | Yanbu (YNB) Transfers","0","0","98","No","data/airports.ts"
"/airport-transfer/alula-airport","Airport Pages","AlUla Airport Taxi | AlUla (ULH) Transfers","0","0","114","No","data/airports.ts"
"/airport-transfer/jazan-airport","Airport Pages","Jazan Airport Taxi | Jazan (GIZ) Transfers","0","0","100","No","data/airports.ts"
"/airport-transfer/hail-airport","Airport Pages","Hail Airport Taxi | Hail Regional (HAS) Transfers","0","0","97","No","data/airports.ts"
"/taxi-service/riyadh","City Pages (Taxi Service Hub)","Riyadh Taxi Service | Airport & City Transfers","0","0","183","No","data/cities.ts"
"/cities/riyadh","City Pages (Airport & Hotels Hub)","Riyadh Taxi Service | Airport & City Transfers","0","0","183","No","data/cities.ts"
"/taxi-service/jeddah","City Pages (Taxi Service Hub)","Jeddah Taxi Service | Airport to Makkah Transfers","0","0","161","Yes","data/cities.ts"
"/cities/jeddah","City Pages (Airport & Hotels Hub)","Jeddah Taxi Service | Airport to Makkah Transfers","0","0","161","No","data/cities.ts"
"/taxi-service/makkah","City Pages (Taxi Service Hub)","Makkah Taxi Service | Umrah & Ziyarat Transfers","0","0","155","No","data/cities.ts"
"/cities/makkah","City Pages (Airport & Hotels Hub)","Makkah Taxi Service | Umrah & Ziyarat Transfers","0","0","155","No","data/cities.ts"
"/taxi-service/madinah","City Pages (Taxi Service Hub)","Madinah Taxi Service | Airport, Hotel & Ziyarat Transfers","0","0","149","No","data/cities.ts"
"/cities/madinah","City Pages (Airport & Hotels Hub)","Madinah Taxi Service | Airport, Hotel & Ziyarat Transfers","0","0","149","No","data/cities.ts"
"/taxi-service/dammam","City Pages (Taxi Service Hub)","Dammam","0","0","114","No","data/cities.ts"
"/cities/dammam","City Pages (Airport & Hotels Hub)","Dammam","0","0","114","No","data/cities.ts"
"/taxi-service/khobar","City Pages (Taxi Service Hub)","Khobar","0","0","108","No","data/cities.ts"
"/cities/khobar","City Pages (Airport & Hotels Hub)","Khobar","0","0","108","No","data/cities.ts"
"/taxi-service/jubail","City Pages (Taxi Service Hub)","Jubail","0","0","108","No","data/cities.ts"
"/cities/jubail","City Pages (Airport & Hotels Hub)","Jubail","0","0","108","No","data/cities.ts"
"/taxi-service/taif","City Pages (Taxi Service Hub)","Taif","0","0","98","No","data/cities.ts"
"/cities/taif","City Pages (Airport & Hotels Hub)","Taif","0","0","98","No","data/cities.ts"
"/taxi-service/abha","City Pages (Taxi Service Hub)","Abha","0","0","106","No","data/cities.ts"
"/cities/abha","City Pages (Airport & Hotels Hub)","Abha","0","0","106","No","data/cities.ts"
"/taxi-service/tabuk","City Pages (Taxi Service Hub)","Tabuk","0","0","103","No","data/cities.ts"
"/cities/tabuk","City Pages (Airport & Hotels Hub)","Tabuk","0","0","103","No","data/cities.ts"
"/taxi-service/alula","City Pages (Taxi Service Hub)","AlUla","0","0","108","No","data/cities.ts"
"/cities/alula","City Pages (Airport & Hotels Hub)","AlUla","0","0","108","No","data/cities.ts"
"/taxi-service/yanbu","City Pages (Taxi Service Hub)","Yanbu","0","0","100","No","data/cities.ts"
"/cities/yanbu","City Pages (Airport & Hotels Hub)","Yanbu","0","0","100","No","data/cities.ts"
"/taxi-service/hail","City Pages (Taxi Service Hub)","Hail","0","0","94","No","data/cities.ts"
"/cities/hail","City Pages (Airport & Hotels Hub)","Hail","0","0","94","No","data/cities.ts"
"/taxi-service/najran","City Pages (Taxi Service Hub)","Najran","0","0","93","No","data/cities.ts"
"/cities/najran","City Pages (Airport & Hotels Hub)","Najran","0","0","93","No","data/cities.ts"
"/taxi-service/jazan","City Pages (Taxi Service Hub)","Jazan","0","0","104","No","data/cities.ts"
"/cities/jazan","City Pages (Airport & Hotels Hub)","Jazan","0","0","104","No","data/cities.ts"
"/taxi-service/buraidah","City Pages (Taxi Service Hub)","Buraidah","0","0","108","No","data/cities.ts"
"/cities/buraidah","City Pages (Airport & Hotels Hub)","Buraidah","0","0","108","No","data/cities.ts"
"/taxi-service/hofuf","City Pages (Taxi Service Hub)","Hofuf","0","0","101","No","data/cities.ts"
"/cities/hofuf","City Pages (Airport & Hotels Hub)","Hofuf","0","0","101","No","data/cities.ts"
"/taxi-service/al-ahsa","City Pages (Taxi Service Hub)","Al Ahsa","0","0","107","No","data/cities.ts"
"/cities/al-ahsa","City Pages (Airport & Hotels Hub)","Al Ahsa","0","0","107","No","data/cities.ts"
"/taxi-service/khamis-mushait","City Pages (Taxi Service Hub)","Khamis Mushait","0","0","103","No","data/cities.ts"
"/cities/khamis-mushait","City Pages (Airport & Hotels Hub)","Khamis Mushait","0","0","103","No","data/cities.ts"
"/jeddah/jeddah-airport-to-al-balad","Destination/Landmark Pages","Jeddah Airport to Al-Balad Taxi | Private Transfer","6","7","1531","No","data/jeddah/attractions.ts"
"/jeddah/al-balad-to-jeddah-airport","Destination/Landmark Pages","Al-Balad to Jeddah Airport Taxi | Private Transfer","6","7","1477","No","data/jeddah/attractions.ts"
"/jeddah/hotels-to-al-balad","Destination/Landmark Pages","Jeddah Hotels to Al-Balad Taxi | Old Town Transfer","6","7","1447","No","data/jeddah/attractions.ts"
"/jeddah/jeddah-airport-to-jeddah-corniche","Destination/Landmark Pages","Jeddah Airport to Corniche Transfer | Fixed Price","6","7","1512","No","data/jeddah/attractions.ts"
"/jeddah/hotels-to-jeddah-corniche","Destination/Landmark Pages","Hotel to Jeddah Corniche Transfer | Fixed Price Car","6","7","1373","No","data/jeddah/attractions.ts"
"/jeddah/jeddah-airport-to-king-fahd-fountain","Destination/Landmark Pages","Jeddah Airport to King Fahd Fountain Transfer","6","7","1489","No","data/jeddah/attractions.ts"
"/jeddah/hotels-to-king-fahd-fountain","Destination/Landmark Pages","Jeddah Hotels to King Fahd Fountain Transfer","6","7","1432","No","data/jeddah/attractions.ts"
"/jeddah/jeddah-airport-to-red-sea-mall","Destination/Landmark Pages","Jeddah Airport to Red Sea Mall Transfer | Fixed Price","6","8","1543","No","data/jeddah/attractions.ts"
"/jeddah/hotels-to-red-sea-mall","Destination/Landmark Pages","Hotels to Red Sea Mall Jeddah | Private Car Transfer","6","8","1395","No","data/jeddah/attractions.ts"
"/jeddah/jeddah-airport-to-mall-of-arabia","Destination/Landmark Pages","Jeddah Airport to Mall of Arabia Transfer | Fixed Fare","6","8","1420","No","data/jeddah/attractions.ts"
"/jeddah/hotels-to-mall-of-arabia","Destination/Landmark Pages","Jeddah Hotels to Mall of Arabia | Private Transfer","6","8","1321","No","data/jeddah/attractions.ts"
"/jeddah/jeddah-airport-to-jeddah-park","Destination/Landmark Pages","Jeddah Airport to Jeddah Park Transfer | Fixed Price","6","8","1680","No","data/jeddah/attractions.ts"
"/jeddah/hotels-to-jeddah-park","Destination/Landmark Pages","Jeddah Hotels to Jeddah Park Transfer | Fixed Fare Car","6","8","1588","No","data/jeddah/attractions.ts"
"/jeddah/private-chauffeur-service-jeddah","Service Pages (City-Specific)","Private Chauffeur Service in Jeddah | Fixed Prices","6","8","1489","No","data/jeddah/services.ts"
"/jeddah/hourly-chauffeur-jeddah","Service Pages (City-Specific)","Hourly Chauffeur Hire in Jeddah | Fixed Hourly Rates","6","8","1351","No","data/jeddah/services.ts"
"/jeddah/executive-car-service-jeddah","Service Pages (City-Specific)","Executive Car Service in Jeddah | VIP Chauffeur","6","8","1392","No","data/jeddah/services.ts"
"/jeddah/business-transfers-jeddah","Service Pages (City-Specific)","Business Transfers in Jeddah | Corporate Transport","6","8","1370","No","data/jeddah/services.ts"
"/jeddah/jeddah-city-tour","Service Pages (City-Specific)","Jeddah City Tour by Private Car | Fixed-Price Tours","6","7","1548","No","data/jeddah/services.ts"
"/jeddah/half-day-jeddah-tour","Service Pages (City-Specific)","Half-Day Jeddah Tour | Private 4-Hour Car Tour","6","7","1504","No","data/jeddah/services.ts"
"/jeddah/full-day-jeddah-tour","Service Pages (City-Specific)","Full-Day Jeddah Tour | Private 8-Hour Car Tour","6","7","1537","No","data/jeddah/services.ts"
"/jeddah/jeddah-airport-to-jeddah-islamic-port","Port/Railway Pages","Jeddah Airport to Jeddah Islamic Port | Private Taxi","6","7","1611","No","data/jeddah/port-railway.ts"
"/jeddah/jeddah-islamic-port-to-jeddah-airport","Port/Railway Pages","Jeddah Islamic Port to Jeddah Airport | Private Taxi","6","7","1439","No","data/jeddah/port-railway.ts"
"/jeddah/hotels-to-jeddah-islamic-port","Port/Railway Pages","Jeddah Hotels to Jeddah Islamic Port | Cruise Taxi","6","7","1401","No","data/jeddah/port-railway.ts"
"/jeddah/jeddah-islamic-port-to-hotels","Port/Railway Pages","Jeddah Islamic Port to Jeddah Hotels | Cruise Taxi","6","7","1382","No","data/jeddah/port-railway.ts"
"/jeddah/jeddah-airport-to-jeddah-sulaymaniyah-railway-station","Port/Railway Pages","Jeddah Airport to Sulaymaniyah Railway Station Taxi","6","7","1380","No","data/jeddah/port-railway.ts"
"/jeddah/jeddah-sulaymaniyah-railway-station-to-jeddah-airport","Port/Railway Pages","Sulaymaniyah Railway Station to Jeddah Airport Taxi","6","7","1268","No","data/jeddah/port-railway.ts"
"/jeddah/hotels-to-jeddah-sulaymaniyah-railway-station","Port/Railway Pages","Jeddah Hotels to Sulaymaniyah Railway Station | Taxi","6","7","1226","No","data/jeddah/port-railway.ts"
"/jeddah/jeddah-sulaymaniyah-railway-station-to-hotels","Port/Railway Pages","Sulaymaniyah Railway Station to Jeddah Hotels | Taxi","6","7","1157","No","data/jeddah/port-railway.ts"
"/makkah/jeddah-airport-to-makkah-umrah","Service Pages (City-Specific)","Jeddah Airport to Makkah Umrah Transfer | Private Taxi","6","8","1471","No","data/makkah/services.ts"
"/makkah/makkah-hotel-to-haram-transfer","Service Pages (City-Specific)","Makkah Hotel to Haram Transfer | Private Car Service","6","7","1166","No","data/makkah/services.ts"
"/makkah/makkah-ziyarat-tour","Ziyarat/Destination Pages","Makkah Ziyarat Tour | Full-Circuit Private Taxi","16","8","2338","Yes","data/makkah/attractions.ts"
"/makkah/makkah-to-cave-of-hira","Ziyarat/Destination Pages","Cave of Hira & Jabal al-Noor Tour | Private Taxi Makkah","18","9","3115","Yes","data/makkah/attractions.ts"
"/makkah/makkah-to-jabal-thawr","Ziyarat/Destination Pages","Jabal Thawr Transfer | Cave of Thawr Private Taxi","15","10","1974","Yes","data/makkah/attractions.ts"
"/makkah/makkah-historical-sites-tour","Ziyarat/Destination Pages","Makkah Historical Sites Tour | Private Heritage Car Tour","6","7","991","No","data/makkah/attractions.ts"
"/makkah/makkah-to-mina","Ziyarat/Destination Pages","Makkah to Mina Transfer | Private Taxi Tour","14","9","1623","Yes","data/makkah/attractions.ts"
"/makkah/makkah-to-muzdalifah","Ziyarat/Destination Pages","Makkah to Muzdalifah Transfer | Private Taxi Tour","13","9","1512","Yes","data/makkah/attractions.ts"
"/makkah/makkah-to-arafat","Ziyarat/Destination Pages","Arafat & Jabal al-Rahmah Transfer | Private Taxi","16","9","1963","Yes","data/makkah/attractions.ts"
"/madinah/madinah-to-quba-mosque","Ziyarat/Destination Pages","Quba Mosque Transfer | Private Taxi Tour Madinah","17","9","2462","Yes","data/madinah/attractions.ts"
"/madinah/madinah-to-mount-uhud","Ziyarat/Destination Pages","Mount Uhud Transfer | Private Taxi Tour Madinah","16","9","1916","Yes","data/madinah/attractions.ts"
"/madinah/madinah-to-qiblatain-mosque","Ziyarat/Destination Pages","Masjid al-Qiblatain Transfer | Private Taxi Madinah","14","9","1572","Yes","data/madinah/attractions.ts"
"/madinah/madinah-to-seven-mosques","Ziyarat/Destination Pages","Seven Mosques Madinah Transfer | Private Taxi Tour","14","9","1600","Yes","data/madinah/attractions.ts"
"/dammam/dammam-airport-to-dammam-city","Destination/Landmark Pages","King Fahd Airport to Dammam City Taxi | Private Transfer","6","5","1041","No","data/dammam/attractions.ts"
"/dammam/dammam-city-to-dammam-airport","Destination/Landmark Pages","Dammam City to King Fahd Airport Taxi | Private Transfer","6","5","911","No","data/dammam/attractions.ts"
"/dammam/dammam-airport-to-dammam-corniche","Destination/Landmark Pages","King Fahd Airport to Dammam Corniche Taxi | Transfer","6","5","882","No","data/dammam/attractions.ts"
"/dammam/dammam-corniche-to-dammam-airport","Destination/Landmark Pages","Dammam Corniche to King Fahd Airport Taxi | Transfer","6","5","814","No","data/dammam/attractions.ts"
"/dammam/dammam-airport-to-business-district","Destination/Landmark Pages","King Fahd Airport to Dammam Business District Taxi","6","5","885","No","data/dammam/attractions.ts"
"/dammam/business-district-to-dammam-airport","Destination/Landmark Pages","Dammam Business District to King Fahd Airport Taxi","6","5","784","No","data/dammam/attractions.ts"
"/dammam/dammam-airport-to-hotels","Destination/Landmark Pages","King Fahd Airport to Dammam Hotels | Private Taxi","6","5","892","No","data/dammam/attractions.ts"
"/dammam/hotels-to-dammam-airport","Destination/Landmark Pages","Dammam Hotels to King Fahd Airport | Private Taxi","6","5","825","No","data/dammam/attractions.ts"
"/dammam/dammam-airport-to-king-abdulaziz-port","Port/Railway Pages","King Fahd Airport to King Abdulaziz Port | Taxi","6","5","941","No","data/dammam/port.ts"
"/dammam/king-abdulaziz-port-to-dammam-airport","Port/Railway Pages","King Abdulaziz Port to King Fahd Airport | Taxi","6","5","855","No","data/dammam/port.ts"
"/dammam/dammam-hotels-to-king-abdulaziz-port","Port/Railway Pages","Dammam Hotels to King Abdulaziz Port | Cruise Taxi","6","5","875","No","data/dammam/port.ts"
"/dammam/king-abdulaziz-port-to-dammam-hotels","Port/Railway Pages","King Abdulaziz Port to Dammam Hotels | Cruise Taxi","6","5","833","No","data/dammam/port.ts"
"/dammam/dammam-city-to-king-abdulaziz-port","Port/Railway Pages","Dammam City to King Abdulaziz Port | Private Taxi","6","5","715","No","data/dammam/port.ts"
"/dammam/king-abdulaziz-port-to-dammam-city","Port/Railway Pages","King Abdulaziz Port to Dammam City | Private Taxi","6","5","703","No","data/dammam/port.ts"
"/airport-transfers","Service Pages (Main Hub)","Saudi Arabia Airport Transfer | Private Taxi Booking","3","0","291","Yes","data/services.ts"
"/city-transfers","Service Pages (Main Hub)","City Taxi Service Saudi Arabia | Private City Transfers","2","0","226","Yes","data/services.ts"
"/intercity-transfers","Service Pages (Main Hub)","Intercity Taxi Saudi Arabia | Long-Distance Transfers","2","0","224","Yes","data/services.ts"
"/border-transfers","Service Pages (Main Hub)","Saudi Border Taxi Transfers | Bahrain, Qatar, UAE & Kuwait","2","0","232","Yes","data/services.ts"
"/umrah-taxi-service","Service Pages (Main Hub)","Umrah Taxi Saudi Arabia | Makkah & Madinah Transfers","3","0","248","Yes","data/services.ts"
"/hajj-transport-service","Service Pages (Main Hub)","Hajj Transport Saudi Arabia | Group Pilgrim Transfers","2","0","219","Yes","data/services.ts"
"/ziyarat-taxi-service","Service Pages (Main Hub)","Ziyarat Taxi Service | Makkah & Madinah Historic Site Tours","2","0","219","Yes","data/services.ts"
"/services/hotel-transfers","Service Pages (Main Hub)","Hotel Transfer Service Saudi Arabia | Private Hotel Taxi","1","0","173","Yes","data/services.ts"
"/blog/ai-travel-planning-vs-local-experts-saudi-arabia","Blog Posts","AI travel planning Saudi Arabia","6","12","2591","Yes","scripts/posts-2026/ai-travel-planning-vs-local-experts.mjs"
"/blog/bahrain-to-saudi-arabia-by-road","Blog Posts","Bahrain to Saudi Arabia by road","5","9","1881","Yes","scripts/posts-2026/bahrain-to-saudi-arabia-by-road.mjs"
"/blog/best-vehicle-for-cross-border-travel","Blog Posts","best vehicle for cross-border travel","6","11","1798","Yes","scripts/posts-2026/best-vehicle-cross-border-travel.mjs"
"/blog/business-travel-bahrain-dammam-guide","Blog Posts","business travel Bahrain Dammam","6","11","2184","Yes","scripts/posts-2026/business-travel-bahrain-dammam.mjs"
"/blog/best-cashless-payment-apps-saudi-arabia","Blog Posts","cashless payment apps Saudi Arabia","6","13","2740","Yes","scripts/posts-2026/cashless-payment-apps-saudi-arabia.mjs"
"/blog/family-travel-bahrain-to-saudi-arabia","Blog Posts","family travel Bahrain to Saudi Arabia","6","13","2203","Yes","scripts/posts-2026/family-travel-bahrain-saudi-arabia.mjs"
"/blog/what-happens-if-flight-to-saudi-arabia-delayed","Blog Posts","flight delayed Saudi Arabia","6","14","3297","Yes","scripts/posts-2026/flight-delayed-saudi-arabia.mjs"
"/blog/friday-prayer-travel-tips-saudi-arabia","Blog Posts","Friday prayer Saudi Arabia tourists","6","15","2644","Yes","scripts/posts-2026/friday-prayer-travel-tips-saudi-arabia.mjs"
"/blog/gcc-residents-road-travel-to-saudi-arabia","Blog Posts","GCC residents road travel Saudi Arabia","6","9","2099","Yes","scripts/posts-2026/gcc-residents-road-travel-saudi-arabia.mjs"
"/blog/hotel-near-haram-what-to-know-before-booking","Blog Posts","hotel near Haram Makkah","6","13","2676","Yes","scripts/posts-2026/hotel-near-haram-what-to-know.mjs"
"/blog/jeddah-airport-terminal-guide-jed","Blog Posts","Jeddah Airport terminals","6","9","2875","No","scripts/posts-2026/jeddah-airport-terminal-guide.mjs"
"/blog/jeddah-season-2026-events-attractions-guide","Blog Posts","Jeddah Season 2026","6","9","3471","No","scripts/posts-2026/jeddah-season-2026.mjs"
"/blog/jeddah-to-alula-transport-options","Blog Posts","Jeddah to AlUla","6","9","2806","No","scripts/posts-2026/jeddah-to-alula.mjs"
"/blog/madinah-to-yanbu-transfer-guide","Blog Posts","Madinah to Yanbu transfer","6","11","1908","Yes","scripts/posts-2026/madinah-to-yanbu-transfer-guide.mjs"
"/blog/neom-travel-guide-2026","Blog Posts","NEOM travel guide","6","9","2554","No","scripts/posts-2026/neom-travel-guide.mjs"
"/blog/red-sea-project-travel-guide","Blog Posts","Red Sea Project travel","6","9","3591","No","scripts/posts-2026/red-sea-project.mjs"
"/blog/riyadh-air-what-travelers-should-know","Blog Posts","Riyadh Air","6","10","2933","No","scripts/posts-2026/riyadh-air.mjs"
"/blog/best-day-trips-from-riyadh-private-driver","Blog Posts","Riyadh day trips","6","11","2872","No","scripts/posts-2026/riyadh-day-trips.mjs"
"/blog/riyadh-to-alula-road-trip-guide","Blog Posts","Riyadh to AlUla road trip","6","12","2520","Yes","scripts/posts-2026/riyadh-to-alula-road-trip.mjs"
"/blog/saudi-arabia-airport-wifi-guide","Blog Posts","Saudi airport WiFi","6","13","2927","Yes","scripts/posts-2026/saudi-airport-wifi-guide.mjs"
"/blog/saudi-arabia-in-august-weather-crowds-travel-tips","Blog Posts","Saudi Arabia in August","7","13","4052","Yes","scripts/posts-2026/saudi-arabia-in-august.mjs"
"/blog/saudi-arabia-travel-scams-tourists-should-know","Blog Posts","Saudi Arabia travel scams","6","14","2656","Yes","scripts/posts-2026/saudi-arabia-travel-scams.mjs"
"/blog/saudi-arabia-with-elderly-parents-travel-tips","Blog Posts","Saudi Arabia with elderly parents","6","13","3073","Yes","scripts/posts-2026/saudi-arabia-with-elderly-parents.mjs"
"/blog/saudi-tourist-visa-2026-guide","Blog Posts","Saudi tourist visa 2026","6","9","2750","No","scripts/posts-2026/saudi-tourist-visa-2026.mjs"
"/blog/is-saudi-arabia-safe-for-solo-tourists-2026","Blog Posts","Saudi Arabia solo travel","6","14","3585","Yes","scripts/posts-2026/solo-tourist-safety-saudi-arabia.mjs"
"/blog/best-places-to-visit-taif-summer","Blog Posts","Taif summer travel","6","14","3592","No","scripts/posts-2026/taif-summer.mjs"
"/blog/travel-documents-bahrain-to-saudi-arabia","Blog Posts","travel documents Bahrain to Saudi Arabia","6","11","2138","Yes","scripts/posts-2026/travel-documents-bahrain-saudi-arabia.mjs"
"/blog/best-hotels-near-dammam-airport","Blog Posts","Hotels near Dammam Airport","10","16","4146","No","scripts/posts-2027/best-hotels-near-dammam-airport.mjs"
"/blog/dammam-to-bahrain-travel-guide","Blog Posts","Dammam to Bahrain taxi","10","18","3841","Yes","scripts/posts-2027/dammam-to-bahrain-travel-guide.mjs"
"/blog/dammam-travel-guide","Blog Posts","Dammam travel guide","11","17","3792","No","scripts/posts-2027/dammam-travel-guide.mjs"
"/blog/king-fahd-international-airport-complete-guide","Blog Posts","King Fahd International Airport guide","11","19","4315","No","scripts/posts-2027/king-fahd-airport-complete-guide.mjs"
"/blog/king-fahd-causeway-guide","Blog Posts","King Fahd Causeway guide","11","18","3812","Yes","scripts/posts-2027/king-fahd-causeway-guide.mjs"
"/blog/saudi-airport-pickup-guide","Blog Posts","Saudi airport pickup","12","16","3891","No","scripts/posts-2027/saudi-airport-pickup-guide.mjs"
"/blog/saudi-airport-transfer-tips","Blog Posts","Saudi airport transfer tips","10","15","3767","No","scripts/posts-2027/saudi-airport-transfer-tips.mjs"
"/blog/saudi-arabia-business-travel-guide-2027","Blog Posts","Saudi Arabia business travel","10","19","4244","No","scripts/posts-2027/saudi-arabia-business-travel-guide.mjs"
"/blog/saudi-arabia-digital-nomad-guide","Blog Posts","Saudi Arabia digital nomad","10","19","4069","No","scripts/posts-2027/saudi-arabia-digital-nomad-guide.mjs"
"/blog/saudi-arabia-entry-requirements-2027","Blog Posts","Saudi Arabia entry requirements 2027","15","14","5083","No","scripts/posts-2027/saudi-entry-requirements-2027.mjs"
"/blog/jeddah-airport-to-makkah-taxi-service-guide","Blog Posts","Jeddah airport to Makkah taxi","5","8","1419","Yes","scripts/seed-blogs.mjs"
"/blog/makkah-to-madinah-private-taxi-guide","Blog Posts","Makkah to Madinah taxi","5","8","1231","Yes","scripts/seed-blogs.mjs"
"/blog/riyadh-airport-transfer-business-travelers","Blog Posts","Riyadh airport transfer","5","8","1196","No","scripts/seed-blogs.mjs"
"/blog/saudi-arabia-intercity-taxi-services-guide","Blog Posts","Saudi Arabia intercity taxi","5","8","1195","No","scripts/seed-blogs.mjs"
"/blog/top-tourist-destinations-private-taxi-saudi-arabia","Blog Posts","tourist destinations Saudi Arabia by taxi","5","9","1196","No","scripts/seed-blogs.mjs"
"/blog/taxi-cost-saudi-arabia-price-guide","Blog Posts","taxi cost Saudi Arabia","5","8","1200","No","scripts/seed-blogs.mjs"
"/blog/jeddah-to-taif-taxi-guide","Blog Posts","Jeddah to Taif taxi","5","8","989","Yes","scripts/seed-blogs.mjs"
"/blog/riyadh-to-dammam-taxi-guide","Blog Posts","Riyadh to Dammam taxi","5","8","995","Yes","scripts/seed-blogs.mjs"
"/blog/umrah-transport-makkah-madinah-guide","Blog Posts","Umrah transport","5","9","1066","No","scripts/seed-blogs.mjs"
"/blog/saudi-to-bahrain-taxi-king-fahd-causeway","Blog Posts","Saudi to Bahrain taxi","5","8","1084","No","scripts/seed-blogs.mjs"
"/blog/how-to-perform-umrah-step-by-step-guide","Blog Posts","how to perform umrah","5","18","2673","No","scripts/seed-blogs.mjs"
"/blog/common-mistakes-to-avoid-during-umrah","Blog Posts","common umrah mistakes","5","21","2624","No","scripts/seed-blogs.mjs"
"/blog/main-rituals-of-hajj-explained","Blog Posts","hajj rituals","5","22","2697","No","scripts/seed-blogs.mjs"
"/blog/what-to-pack-for-umrah-checklist","Blog Posts","umrah packing list","5","26","2756","No","scripts/seed-blogs.mjs"
"/blog/madinah-ziyarat-historic-sites-guide","Blog Posts","madinah ziyarat places","5","24","2642","No","scripts/seed-blogs.mjs"
"/blog/best-time-to-perform-umrah-2026","Blog Posts","best time to perform umrah","0","19","2039","No","scripts/seed-blogs.mjs"
"/blog/difference-between-hajj-and-umrah","Blog Posts","difference between hajj and umrah","0","20","2002","No","scripts/seed-blogs.mjs"
"/blog/essential-duas-for-umrah-and-hajj","Blog Posts","duas for umrah and hajj","0","20","1874","No","scripts/seed-blogs.mjs"
"/blog/first-time-visiting-makkah-guide","Blog Posts","first time visiting makkah","0","21","1921","No","scripts/seed-blogs.mjs"
"/blog/first-time-visiting-madinah-guide","Blog Posts","first time visiting madinah","0","22","1975","No","scripts/seed-blogs.mjs"
"/blog/jeddah-airport-arrival-guide-umrah","Blog Posts","jeddah airport arrival guide","0","22","1966","No","scripts/seed-blogs.mjs"
"/blog/saudi-arabia-entry-requirements-pilgrims-2026","Blog Posts","saudi arabia entry requirements","0","21","2069","No","scripts/seed-blogs.mjs"
"/blog/how-to-travel-between-makkah-madinah-jeddah","Blog Posts","travel between makkah madinah jeddah","0","21","2109","No","scripts/seed-blogs.mjs"
"/blog/common-questions-first-time-umrah-pilgrims","Blog Posts","first time umrah questions","0","24","2012","No","scripts/seed-blogs.mjs"
"/blog/complete-guide-to-masjid-al-haram","Blog Posts","masjid al-haram guide","0","22","1934","No","scripts/seed-blogs.mjs"
"/blog/umrah-for-elderly-pilgrims","Blog Posts","umrah for elderly pilgrims","0","25","2710","No","scripts/seed-blogs.mjs"
"/blog/makkah-madinah-train-vs-taxi","Blog Posts","makkah to madinah train vs taxi","0","25","2675","No","scripts/seed-blogs.mjs"
"/blog/umrah-with-children","Blog Posts","umrah with children","0","26","2627","No","scripts/seed-blogs.mjs"
"/blog/miqat-locations-for-umrah","Blog Posts","miqat locations for umrah","0","23","2723","No","scripts/seed-blogs.mjs"
"/blog/transportation-mistakes-pilgrims","Blog Posts","transportation tips for umrah pilgrims","0","23","2661","No","scripts/seed-blogs.mjs"
"/blog/riyadh-metro-vs-taxi","Blog Posts","riyadh metro vs taxi","0","22","2409","No","scripts/seed-blogs.mjs"
"/blog/king-salman-airport-transfers-guide","Blog Posts","king salman airport transfers","0","19","2371","No","scripts/seed-blogs.mjs"
"/blog/new-saudi-umrah-visa-rules-2026","Blog Posts","umrah visa rules 2026","0","20","2433","No","scripts/seed-blogs.mjs"
"/blog/vip-transfer-jeddah-airport-to-makkah","Blog Posts","vip transfer jeddah airport to makkah","0","20","2374","No","scripts/seed-blogs.mjs"
"/blog/private-chauffeur-vs-ride-hailing-saudi-arabia","Blog Posts","private chauffeur vs ride-hailing saudi arabia","0","21","2403","No","scripts/seed-blogs.mjs"
"/blog/ramadan-2026-makkah-transport-guide","Blog Posts","ramadan 2026 makkah transport","0","20","2456","No","scripts/seed-blogs.mjs"
"/blog/solo-female-pilgrim-travel-saudi-arabia","Blog Posts","solo female pilgrim travel saudi arabia","0","20","2425","No","scripts/seed-blogs.mjs"
"/blog/alula-travel-guide-2026","Blog Posts","alula travel guide 2026","0","20","2417","No","scripts/seed-blogs.mjs"
"/blog/nusuk-app-umrah-guide","Blog Posts","nusuk app umrah","0","19","2296","No","scripts/seed-blogs.mjs"
"/blog/cost-of-umrah-trip-2026","Blog Posts","cost of umrah trip 2026","0","20","2567","No","scripts/seed-blogs.mjs"
"/blog/hajj-2027-registration-permit-updates","Blog Posts","Hajj 2027 registration","6","10","2559","No","scripts/new-posts-2027.mjs"
"/blog/saudi-arabia-tourism-projects-2027","Blog Posts","Saudi Arabia tourism projects 2027","6","11","2625","No","scripts/new-posts-2027.mjs"
"/blog/riyadh-expo-2030-preparations","Blog Posts","Riyadh Expo 2030","6","12","2448","No","scripts/new-posts-2027.mjs"
"/blog/saudi-national-day-2026-best-cities","Blog Posts","Saudi National Day 2026","6","11","2336","No","scripts/new-posts-2027.mjs"
"/blog/fifa-world-cup-2034-saudi-arabia-travel-planning","Blog Posts","FIFA World Cup Saudi Arabia 2034","6","11","2326","No","scripts/new-posts-2027.mjs"
"/blog/saudi-school-public-holidays-2027","Blog Posts","Saudi holidays 2027","6","10","2347","No","scripts/new-posts-2027.mjs"
"/blog/documents-needed-to-travel-to-saudi-arabia","Blog Posts","documents to travel to Saudi Arabia","6","9","2102","No","scripts/new-posts-travel-tips.mjs"
"/blog/what-to-do-after-landing-at-jeddah-airport","Blog Posts","after landing at Jeddah airport","6","9","2043","No","scripts/new-posts-travel-tips.mjs"
"/blog/can-tourists-drive-in-saudi-arabia","Blog Posts","can tourists drive in Saudi Arabia","6","7","2059","No","scripts/new-posts-travel-tips.mjs"
"/blog/how-much-cash-to-carry-in-saudi-arabia","Blog Posts","how much cash to carry in Saudi Arabia","6","7","2214","No","scripts/new-posts-travel-tips.mjs"
"/blog/uber-vs-careem-vs-private-transfer-saudi-arabia","Blog Posts","Uber in Saudi Arabia","6","8","2049","No","scripts/new-posts-travel-tips.mjs"
"/blog/saudi-arabia-sim-card-guide-tourists","Blog Posts","Saudi Arabia SIM card for tourists","6","9","2470","No","scripts/new-posts-travel-tips.mjs"
"/blog/what-to-wear-in-saudi-arabia-tourist","Blog Posts","what to wear in Saudi Arabia","6","8","2023","No","scripts/new-posts-travel-tips.mjs"
"/blog/common-mistakes-tourists-make-in-saudi-arabia","Blog Posts","mistakes tourists make in Saudi Arabia","6","10","2432","No","scripts/new-posts-travel-tips.mjs"
"/blog/how-to-exchange-currency-in-saudi-arabia","Blog Posts","exchange currency in Saudi Arabia","6","7","2101","No","scripts/new-posts-travel-tips.mjs"
"/blog/saudi-arabia-travel-checklist-before-flight","Blog Posts","Saudi Arabia travel checklist","6","8","2228","No","scripts/new-posts-travel-tips.mjs"